,sub,alk,acids,ddg,ee
0,C12=C(C=CN2C3=NC=CC4=C3C=CC=C4)C=CC=C1,C=CCC1=CC=CC=C1,C7=CC=CC=C7[C@H]1[C@H](C8=CC=CC=C8)N(C(C2=C(C(F)(F)F)OC=C2)=O)C(C(O)=O)N1C(C1=C(C(F)(F)F)OC=C1)=O,1.2619419829326208,0.7871892508916745
1,C12=C(C=CN2C3=NC=CC4=C3C=CC=C4)C=CC=C1,C=CCC1=CC=CC=C1,C7=CC=CC=C7[C@H]%45[C@H](C8=CC=CC=C8)N(C(C%46=CC=C(C(C)(C)C)C=C%46)=O)C(C(O)=O)N%45C(C%47=CC=C(C(C)(C)C)C=C%47)=O,1.4884271261424664,0.8496679719107457
2,C12=C(C=CN2C3=NC=CC4=C3C=CC=C4)C=CC=C1,C=CCC1=CC=CC=C1,C7=CC=CC=C7[C@H]1[C@H](C8=CC=CC=C8)N(C(C2=CC=CO2)=O)C(C(O)=O)N1C(C1=CC=CO1)=O,1.6972797374377615,0.8918816226084401
3,C12=C(C=CN2C3=NC=CC4=C3C=CC=C4)C=CC=C1,C=CCC1=CC=CC=C1,C7=CC=CC=C7[C@H]1[C@H](C8=CC=CC=C8)N(C(C2=CC=C(F)C=C2)=O)C(C(O)=O)N1C(C3=CC=C(F)C=C3)=O,1.3529869012498394,0.8146705211693719
4,C12=C(C=CN2C3=NC=CC4=C3C=CC=C4)C=CC=C1,C=CCC1=CC=CC=C1,C7=CC=CC=C7[C@H]1[C@H](C8=CC=CC=C8)N(C(C2=CC=C(Cl)O2)=O)C(C(O)=O)N1C(C1=CC=C(Cl)O1)=O,1.5138769825060878,0.8555269227411968
5,C12=C(C=CN2C3=NC=CC4=C3C=CC=C4)C=CC=C1,C=CCC1=CC=CC=C1,C7=CC=CC=C7[C@H]%16[C@H](C8=CC=CC=C8)N(C(C%17=CSC=C%17OC)=O)C(C(O)=O)N%16C(C%18=CSC=C%18OC)=O,1.1631595117388374,0.7533732158186746
6,C12=C(C=CN2C3=NC=CC4=C3C=CC=C4)C=CC=C1,C=CCC1=CC=CC=C1,C7=CC=CC=C7[C@H]1[C@H](C8=CC=CC=C8)N(C(C2=C(Cl)C=CC=C2)=O)C(C(O)=O)N1C(C1=CC=CC=C1Cl)=O,1.0935112041544066,0.7268359474419511
7,C12=C(C=CN2C3=NC=CC4=C3C=CC=C4)C=CC=C1,C=CCC1=CC=CC=C1,C7=CC=CC=C7[C@H]1[C@H](C8=CC=CC=C8)N(C(C2=CC(C)=C(C)C=C2)=O)C(C(O)=O)N1C(C1=CC=C(C)C(C)=C1)=O,1.2831871567600734,0.7939066160730555
8,C12=C(C=CN2C3=NC=CC4=C3C=CC=C4)C=CC=C1,C=CCC1=CC=CC=C1,C7=CC=CC=C7[C@H]%13[C@H](C8=CC=CC=C8)N(C(C%14=C(F)C=CS%14)=O)C(C(O)=O)N%13C(C%15=C(F)C=CS%15)=O,1.4211521940186973,0.8331154886737698
9,C12=C(C=CN2C3=NC=CC4=C3C=CC=C4)C=CC=C1,C=CCC1=CC=CC=C1,C7=CC=CC=C7[C@H]1[C@H](C8=CC=CC=C8)N(C(C2=C(C)OC(C3=CC=CC=C3)=C2)=O)C(C(O)=O)N1C(C1=C(C)OC(C2=CC=CC=C2)=C1)=O,1.4271560406869037,0.8346575636957199
10,C12=C(C=CN2C3=NC=CC4=C3C=CC=C4)C=CC=C1,C=CCC1=CC=CC=C1,C7=CC=CC=C7[C@H]1[C@H](C8=CC=CC=C8)N(C(C2=CC=C(Cl)S2)=O)C(C(O)=O)N1C(C1=CC=C(Cl)S1)=O,1.512223722553394,0.8551527994669956
11,C12=C(C=CN2C3=NC=CC4=C3C=CC=C4)C=CC=C1,C=CCC1=CC=CC=C1,C7=CC=CC=C7[C@H]%36[C@H](C8=CC=CC=C8)N(C(C%37=CC=C(C)C=C%37)=O)C(C(O)=O)N%36C(C%38=CC=C(C)C=C%38)=O,1.5325286088691,0.8596863446196414
12,C12=C(C=CN2C3=NC=CC4=C3C=CC=C4)C=CC=C1,C=CCC1=CC=CC=C1,C7=CC=CC=C7[C@H]4[C@H](C8=CC=CC=C8)N(C(C5=CC=CS5)=O)C(C(O)=O)N4C(C6=CC=CS6)=O,1.2579641612708805,0.7859102897668363
13,C12=C(C=CN2C3=NC=CC4=C3C=CC=C4)C=CC=C1,C=CCC1=CC=CC=C1,C7=CC=CC=C7[C@H]1[C@H](C8=CC=CC=C8)N(C(C2=C(F)C=CC=C2)=O)C(C(O)=O)N1C(C1=CC=CC=C1F)=O,0.9565784852464985,0.6676731673883188
14,C12=C(C=CN2C3=NC=CC4=C3C=CC=C4)C=CC=C1,C=CCC1=CC=CC=C1,C7=CC=CC=C7[C@H]1[C@H](C8=CC=CC=C8)N(C(C2=C([N+]([O-])=O)C=CC=C2)=O)C(C(O)=O)N1C(C1=CC=CC=C1[N+]([O-])=O)=O,1.0114430074096994,0.6925250075879918
15,C12=C(C=CN2C3=NC=CC4=C3C=CC=C4)C=CC=C1,C=CCC1=CC=CC=C1,C7=CC=CC=C7[C@H]1[C@H](C8=CC=CC=C8)N(C(C2=COC=C2C)=O)C(C(O)=O)N1C(C1=COC=C1C)=O,1.3047572903356266,0.8005340472320162
16,C12=C(C=CN2C3=NC=CC4=C3C=CC=C4)C=CC=C1,C=CCC1=CC=CC=C1,C7=CC=CC=C7[C@H]1[C@H](C8=CC=CC=C8)N(C(C2=C(OC)C=CC=C2)=O)C(C(O)=O)N1C(C1=CC=CC=C1OC)=O,1.0772976201571103,0.7203231950663267
17,C12=C(C=CN2C3=NC=CC4=C3C=CC=C4)C=CC=C1,C=CCC1=CC=CC=C1,C7=CC=CC=C7[C@H]1[C@H](C8=CC=CC=C8)N(C(C2=C(C)C(C=CC=C3)=C3O2)=O)C(C(O)=O)N1C(C1=C(C)C2=C(C=CC=C2)O1)=O,1.428977401942948,0.835122807126762
18,C12=C(C=CN2C3=NC=CC4=C3C=CC=C4)C=CC=C1,C=CCC1=CC=CC=C1,C7=CC=CC=C7[C@H]%68[C@H](C8=CC=CC=C8)N(C(C%69=CC=C(OC)C=C%69)=O)C(C(O)=O)N%68C(C%70=CC=C(OC)C=C%70)=O,1.6569044250580398,0.8847032161147886
19,C12=C(C=CN2C3=NC=CC4=C3C=CC=C4)C=CC=C1,C=CCC1=CC=CC=C1,C7=CC=CC=C7[C@H]1[C@H](C8=CC=CC=C8)N(C(C2=COC(C)=C2)=O)C(C(O)=O)N1C(C1=COC(C)=C1)=O,1.5571682296606328,0.8650114204055077
20,C12=C(C=CN2C3=NC=CC4=C3C=CC=C4)C=CC=C1,C=CCC1=CC=CC=C1,C7=CC=CC=C7[C@H]%56[C@H](C8=CC=CC=C8)N(C(C%57=CC=CC(Cl)=C%57)=O)C(C(O)=O)N%56C(C%58=CC(Cl)=CC=C%58)=O,1.2223706585878809,0.774162399101317
21,C12=C(C=CN2C3=NC=CC4=C3C=CC=C4)C=CC=C1,C=CCC1=CC=CC=C1,C7=CC=CC=C7[C@H]1[C@H](C8=CC=CC=C8)N(C(C2=C(C)C=CS2)=O)C(C(O)=O)N1C(C1=C(C)C=CS1)=O,1.4266598404940005,0.8345306088203461
22,C12=C(C=CN2C3=NC=CC4=C3C=CC=C4)C=CC=C1,C=CCC1=CC=CC=C1,C7=CC=CC=C7[C@H]%89[C@H](C8=CC=CC=C8)N(C(C%90=CC=CC(C(C)(C)C)=C%90)=O)C(C(O)=O)N%89C(C%91=CC(C(C)(C)C)=CC=C%91)=O,1.021762637826284,0.6970258163404328
23,C12=C(C=CN2C3=NC=CC4=C3C=CC=C4)C=CC=C1,C=CCC1=CC=CC=C1,C7=CC=CC=C7[C@H]1[C@H](C8=CC=CC=C8)N(C(C2=C(C#N)C=CC=C2)=O)C(C(O)=O)N1C(C1=CC=CC=C1C#N)=O,1.094040342345839,0.7270463273950846
24,C12=C(C=CN2C3=NC=CC4=C3C=CC=C4)C=CC=C1,C=CCC1=CC=CC=C1,C7=CC=CC=C7[C@H]1[C@H](C8=CC=CC=C8)N(C(C2=C(C)OC(C)=C2)=O)C(C(O)=O)N1C(C1=C(C)OC(C)=C1)=O,1.0951809804911967,0.7274993695138853
25,C12=C(C=CN2C3=NC=CC4=C3C=CC=C4)C=CC=C1,C=CCC1=CC=CC=C1,C7=CC=CC=C7[C@H]%59[C@H](C8=CC=CC=C8)N(C(C%60=CC=CC(Br)=C%60)=O)C(C(O)=O)N%59C(C%61=CC(Br)=CC=C%61)=O,1.2980187417952043,0.798484239941218
26,C12=C(C=CN2C3=NC=CC4=C3C=CC=C4)C=CC=C1,C=CCC1=CC=CC=C1,C7=CC=CC=C7[C@H]1[C@H](C8=CC=CC=C8)N(C(CCCCC)=O)C(C(O)=O)N1C(CCCCC)=O,1.6287819151673593,0.8794413488774201
27,C12=C(C=CN2C3=NC=CC4=C3C=CC=C4)C=CC=C1,C=CCC1=CC=CC=C1,C7=CC=CC=C7[C@H]1[C@H](C8=CC=CC=C8)N(C(C2=C(I)C=CC=C2)=O)C(C(O)=O)N1C(C1=CC=CC=C1I)=O,0.9606683407617433,0.6695798802528445
28,C12=C(C=CN2C3=NC=CC4=C3C=CC=C4)C=CC=C1,C=CCC1=CC=CC=C1,C7=CC=CC=C7[C@H]1[C@H](C8=CC=CC=C8)N(C(C2=C(Cl)SC(Cl)=C2)=O)C(C(O)=O)N1C(C1=C(Cl)SC(Cl)=C1)=O,1.1112607922954054,0.7338188147649439
29,C12=C(C=CN2C3=NC=CC4=C3C=CC=C4)C=CC=C1,C=CCC1=CC=CC=C1,C7=CC=CC=C7[C@H]1[C@H](C8=CC=CC=C8)N(C(C2=CC(C)=CS2)=O)C(C(O)=O)N1C(C1=CC(C)=CS1)=O,1.623195652098166,0.8783697075990006
30,C12=C(C=CN2C3=NC=CC4=C3C=CC=C4)C=CC=C1,C=CCC1=CC=CC=C1,C7=CC=CC=C7[C@H]1[C@H](C8=CC=CC=C8)N(C(C2=C(C)C=CC=C2)=O)C(C(O)=O)N1C(C1=CC=CC=C1C)=O,1.1579494433714137,0.7514673323778179
31,C12=C(C=CN2C3=NC=CC4=C3C=CC=C4)C=CC=C1,C=CCC1=CC=CC=C1,C7=CC=CC=C7[C@H]%74[C@H](C8=CC=CC=C8)N(C(C%75=CC=C(C#N)C=C%75)=O)C(C(O)=O)N%74C(C%76=CC=C(C#N)C=C%76)=O,1.6508820835170743,0.8835948618250316
32,C12=C(C=CN2C3=NC=CC4=C3C=CC=C4)C=CC=C1,C=CCC1=CC=CC=C1,C7=CC=CC=C7[C@H]1[C@H](C8=CC=CC=C8)N(C(C2=C(Br)C=CC=C2)=O)C(C(O)=O)N1C(C1=CC=CC=C1Br)=O,1.07963513123305,0.7212700968877452
33,C12=C(C=CN2C3=NC=CC4=C3C=CC=C4)C=CC=C1,C=CCC1=CC=CC=C1,C7=CC=CC=C7[C@H]%71[C@H](C8=CC=CC=C8)N(C(C%72=CC=CC(C#N)=C%72)=O)C(C(O)=O)N%71C(C%73=CC(C#N)=CC=C%73)=O,1.269699370393888,0.7896640763304718
34,C12=C(C=CN2C3=NC=CC4=C3C=CC=C4)C=CC=C1,C=CCC1=CC=CC=C1,C7=CC=CC=C7[C@H]1[C@H](C8=CC=CC=C8)N(C(C2=CSC=C2Br)=O)C(C(O)=O)N1C(C1=CSC=C1Br)=O,1.013818264919732,0.6935657770886915
35,C12=C(C=CN2C3=NC=CC4=C3C=CC=C4)C=CC=C1,C=CCC1=CC=CC=C1,C7=CC=CC=C7[C@H]1[C@H](C8=CC=CC=C8)N(C(C2=CC(C)=CC(C)=C2)=O)C(C(O)=O)N1C(C1=CC(C)=CC(C)=C1)=O,1.478395097795292,0.8472990128835342
36,C12=C(C=CN2C3=NC=CC4=C3C=CC=C4)C=CC=C1,C=CCC1=CC=CC=C1,C7=CC=CC=C7[C@H]1[C@H](C8=CC=CC=C8)N(C(C2=C(C3=CC=CC=C3)C=CC=C2)=O)C(C(O)=O)N1C(C1=CC=CC=C1C1=CC=CC=C1)=O,1.037346890026523,0.7037199940296237
37,C12=C(C=CN2C3=NC=CC4=C3C=CC=C4)C=CC=C1,C=CCC1=CC=CC=C1,C7=CC=CC=C7[C@H]1[C@H](C8=CC=CC=C8)N(C(C2=COC3=C2C=CC=C3)=O)C(C(O)=O)N1C(C1=COC2=C1C=CC=C2)=O,1.394163105297466,0.8260208288750923
38,C12=C(C=CN2C3=NC=CC4=C3C=CC=C4)C=CC=C1,C=CCC1=CC=CC=C1,C7=CC=CC=C7[C@H]%53[C@H](C8=CC=CC=C8)N(C(C%54=CC=CC(F)=C%54)=O)C(C(O)=O)N%53C(C%55=CC(F)=CC=C%55)=O,1.287167422894034,0.7951440450099492
39,C12=C(C=CN2C3=NC=CC4=C3C=CC=C4)C=CC=C1,C=CCC1=CC=CC=C1,C7=CC=CC=C7[C@H]1[C@H](C8=CC=CC=C8)N(C(C2=CC(C(F)(F)F)=CC(C(F)(F)F)=C2)=O)C(C(O)=O)N1C(C1=CC(C(F)(F)F)=CC(C(F)(F)F)=C1)=O,1.0521383678527987,0.7099601634604347
40,C12=C(C=CN2C3=NC=CC4=C3C=CC=C4)C=CC=C1,C=CCC1=CC=CC=C1,C7=CC=CC=C7[C@H]%42[C@H](C8=CC=CC=C8)N(C(C%43=CC=C(C(C)C)C=C%43)=O)C(C(O)=O)N%42C(C%44=CC=C(C(C)C)C=C%44)=O,1.5325393437033243,0.8596887063649213
41,C12=C(C=CN2C3=NC=CC4=C3C=CC=C4)C=CC=C1,C=CCC1=CC=CC=C1,C7=CC=CC=C7[C@H]1[C@H](C8=CC=CC=C8)N(C(C2=C(C3=CC=CC=C3)OC(C)=C2)=O)C(C(O)=O)N1C(C1=C(C2=CC=CC=C2)OC(C)=C1)=O,1.0724673738905388,0.7183579771142854
42,C12=C(C=CN2C3=NC=CC4=C3C=CC=C4)C=CC=C1,C=CCC1=CC=CC=C1,C7=CC=CC=C7[C@H]1[C@H](C8=CC=CC=C8)N(C(C2=C(C=CC=C3)C3=CC=C2)=O)C(C(O)=O)N1C(C1=CC=CC2=C1C=CC=C2)=O,1.0340434824412568,0.7023113050385306
43,C12=C(C=CN2C3=NC=CC4=C3C=CC=C4)C=CC=C1,C=CCC1=CC=CC=C1,C7=CC=CC=C7[C@H]1[C@H](C8=CC=CC=C8)N(C(C2=CC(C)=C(C)O2)=O)C(C(O)=O)N1C(C1=CC(C)=C(C)O1)=O,1.44726965111145,0.8397296377861386
44,C12=C(C=CN2C3=NC=CC4=C3C=CC=C4)C=CC=C1,C=CCC1=CC=CC=C1,C7=CC=CC=C7[C@H]%77[C@H](C8=CC=CC=C8)N(C(C%78=CC=CC([N+]([O-])=O)=C%78)=O)C(C(O)=O)N%77C(C%79=CC([N+]([O-])=O)=CC=C%79)=O,1.3959580927984991,0.8265010297539742
45,C12=C(C=CN2C3=NC=CC4=C3C=CC=C4)C=CC=C1,C=CCC1=CC=CC=C1,C7=CC=CC=C7[C@H]%62[C@H](C8=CC=CC=C8)N(C(C%63=CC=CC(I)=C%63)=O)C(C(O)=O)N%62C(C%64=CC(I)=CC=C%64)=O,1.4797786585390424,0.8476277505598304
46,C12=C(C=CN2C3=NC=CC4=C3C=CC=C4)C=CC=C1,C=CCC1=CC=CC=C1,C7=CC=CC=C7[C@H]1[C@H](C8=CC=CC=C8)N(C(C2=COC=C2)=O)C(C(O)=O)N1C(C1=COC=C1)=O,1.6868155203556237,0.8900626705185801
47,C12=C(C=CN2C3=NC=CC4=C3C=CC=C4)C=CC=C1,C=CCC1=CC=CC=C1,C7=CC=CC=C7[C@H]1[C@H](C8=CC=CC=C8)N(C(C2=CC(CCCC3)=C3S2)=O)C(C(O)=O)N1C(C1=CC2=C(CCCC2)S1)=O,1.3446549262992054,0.8122943530645043
48,C12=C(C=CN2C3=NC=CC4=C3C=CC=C4)C=CC=C1,C=CCC1=CC=CC=C1,C7=CC=CC=C7[C@H]1[C@H](C8=CC=CC=C8)N(C(C2=CC(C=CC=C3)=C3O2)=O)C(C(O)=O)N1C(C1=CC2=C(C=CC=C2)O1)=O,1.5594008889679025,0.8654845665604715
49,C12=C(C=CN2C3=NC=CC4=C3C=CC=C4)C=CC=C1,C=CCC1=CC=CC=C1,C7=CC=CC=C7[C@H]1[C@H](C8=CC=CC=C8)N(C(C2=C(C(C)C)C=CC=C2)=O)C(C(O)=O)N1C(C1=CC=CC=C1C(C)C)=O,0.9394993764730543,0.6596155162289504
50,C12=C(C=CN2C3=NC=CC4=C3C=CC=C4)C=CC=C1,C=CCC1=CC=CC=C1,C7=CC=CC=C7[C@H]1[C@H](C8=CC=CC=C8)N(C(C2=CC=C(C)O2)=O)C(C(O)=O)N1C(C1=CC=C(C)O1)=O,1.5327862953318003,0.8597430274567822
51,C12=C(C=CN2C3=NC=CC4=C3C=CC=C4)C=CC=C1,C=CCC1=CC=CC=C1,C7=CC=CC=C7[C@H]1[C@H](C8=CC=CC=C8)N(C(C2=CC=C(Br)S2)=O)C(C(O)=O)N1C(C1=CC=C(Br)S1)=O,1.4096743455780765,0.8301310009366201
52,C12=C(C=CN2C3=NC=CC4=C3C=CC=C4)C=CC=C1,C=CCC1=CC=CC=C1,C7=CC=CC=C7[C@H]1[C@H](C8=CC=CC=C8)N(C(C2=CC=C(C)S2)=O)C(C(O)=O)N1C(C1=CC=C(C)S1)=O,1.2662993667492033,0.7885825207242042
53,C12=C(C=CN2C3=NC=CC4=C3C=CC=C4)C=CC=C1,C=CCC1=CC=CC=C1,C7=CC=CC=C7[C@H]1[C@H](C8=CC=CC=C8)N(C(C2=CC=C(C=CC=C3)C3=C2)=O)C(C(O)=O)N1C(C1=CC(C=CC=C2)=C2C=C1)=O,1.1230643000870317,0.7383783360512044
54,C12=C(C=CN2C3=NC=CC4=C3C=CC=C4)C=CC=C1,C=CCC1=CC=CC=C1,C7=CC=CC=C7[C@H]%83[C@H](C8=CC=CC=C8)N(C(C%84=CC=CC(CC)=C%84)=O)C(C(O)=O)N%83C(C%85=CC(CC)=CC=C%85)=O,1.081315220329121,0.7219490230781616
55,C12=C(C=CN2C3=NC=CC4=C3C=CC=C4)C=CC=C1,C=CCC1=CC=CC=C1,C7=CC=CC=C7[C@H]1[C@H](C8=CC=CC=C8)N(C(C2=C(Br)C=CS2)=O)C(C(O)=O)N1C(C1=C(Br)C=CS1)=O,0.9117287405739726,0.6461834204010743
56,C12=C(C=CN2C3=NC=CC4=C3C=CC=C4)C=CC=C1,C=CCC1=CC=CC=C1,C7=CC=CC=C7[C@H]%24[C@H](C8=CC=CC=C8)N(C(C%25=CC=C(Br)C=C%25)=O)C(C(O)=O)N%24C(C%26=CC=C(Br)C=C%26)=O,1.129818945104602,0.7409575944950602
57,C12=C(C=CN2C3=NC=CC4=C3C=CC=C4)C=CC=C1,C=CCC1=CC=CC=C1,C7=CC=CC=C7[C@H]%65[C@H](C8=CC=CC=C8)N(C(C%66=CC=CC(C(F)(F)F)=C%66)=O)C(C(O)=O)N%65C(C%67=CC(C(F)(F)F)=CC=C%67)=O,1.407800531689363,0.8296391949525457
58,C12=C(C=CN2C3=NC=CC4=C3C=CC=C4)C=CC=C1,C=CCC1=CC=CC=C1,C7=CC=CC=C7[C@H]1[C@H](C8=CC=CC=C8)N(C(C2=CC=C(C#N)O2)=O)C(C(O)=O)N1C(C1=CC=C(C#N)O1)=O,1.4711721795624861,0.845572242609614
59,C12=C(C=CN2C3=NC=CC4=C3C=CC=C4)C=CC=C1,C=CCC1=CC=CC=C1,C7=CC=CC=C7[C@H]1[C@H](C8=CC=CC=C8)N(C(CC2=CC=CC=C2)=O)C(C(O)=O)N1C(CC1=CC=CC=C1)=O,0.9569736453559096,0.6678577769891313
60,C12=C(C=CN2C3=NC=CC4=C3C=CC=C4)C=CC=C1,C=CCC1=CC=CC=C1,C7=CC=CC=C7[C@H]1[C@H](C8=CC=CC=C8)N(C(C2=CSC(C)=C2)=O)C(C(O)=O)N1C(C1=CSC(C)=C1)=O,1.56962895076757,0.8676324884248083
61,C12=C(C=CN2C3=NC=CC4=C3C=CC=C4)C=CC=C1,C=CCC1=CC=CC=C1,C7=CC=CC=C7[C@H]1[C@H](C8=CC=CC=C8)N(C(C2=CC=C(C3=CC=CC=C3)O2)=O)C(C(O)=O)N1C(C1=CC=C(C2=CC=CC=C2)O1)=O,1.6518379118066182,0.8837714378515881
62,C12=C(C=CN2C3=NC=CC4=C3C=CC=C4)C=CC=C1,C=CCC1=CC=CC=C1,C7=CC=CC=C7[C@H]%21[C@H](C8=CC=CC=C8)N(C(C%22=CC=C(Cl)C=C%22)=O)C(C(O)=O)N%21C(C%23=CC=C(Cl)C=C%23)=O,1.1533970358031063,0.749791693401277
63,C12=C(C=CN2C3=NC=CC4=C3C=CC=C4)C=CC=C1,C=CCC1=CC=CC=C1,C7=CC=CC=C7[C@H]%86[C@H](C8=CC=CC=C8)N(C(C%87=CC=CC(C(C)C)=C%87)=O)C(C(O)=O)N%86C(C%88=CC(C(C)C)=CC=C%88)=O,0.8732427426412561,0.62688560584297
64,C12=C(C=CN2C3=NC=CC4=C3C=CC=C4)C=CC=C1,C=CCC1=CC=CC=C1,C7=CC=CC=C7[C@H]%97[C@H](C8=CC=CC=C8)N(C(C%98=CC=CC(OC)=C%98)=O)C(C(O)=O)N%97C(C%99=CC(OC)=CC=C%99)=O,1.0458997346211856,0.7073416463804868
65,C12=C(C=CN2C3=NC=CC4=C3C=CC=C4)C=CC=C1,C=CCC1=CC=CC=C1,C7=CC=CC=C7[C@H]1[C@H](C8=CC=CC=C8)N(C(C2=C(C(C)(C)C)C=CC=C2)=O)C(C(O)=O)N1C(C1=CC=CC=C1C(C)(C)C)=O,1.1741543442939666,0.7573540105469181
66,C12=C(C=CN2C3=NC=CC4=C3C=CC=C4)C=CC=C1,C=CCC1=CC=CC=C1,C7=CC=CC=C7[C@H]1[C@H](C8=CC=CC=C8)N(C(C2=C(C)C=CO2)=O)C(C(O)=O)N1C(C1=C(C)C=CO1)=O,1.0972272261912703,0.7283105163013556
67,C12=C(C=CN2C3=NC=CC4=C3C=CC=C4)C=CC=C1,C=CCC1=CC=CC=C1,C7=CC=CC=C7[C@H]%27[C@H](C8=CC=CC=C8)N(C(C%28=CC=C(I)C=C%28)=O)C(C(O)=O)N%27C(C%29=CC=C(I)C=C%29)=O,1.3838884610731563,0.8232489184515935
68,C12=C(C=CN2C3=NC=CC4=C3C=CC=C4)C=CC=C1,C=CCC1=CC=CC=C1,C7=CC=CC=C7[C@H]7[C@H](C8=CC=CC=C8)N(C(C8=CC=CC=C8)=O)C(C(O)=O)N7C(C9=CC=CC=C9)=O,1.5527246338526957,0.8640651347637365
69,C12=C(C=CN2C3=NC=CC4=C3C=CC=C4)C=CC=C1,C=CCC1=CC=CC=C1,C7=CC=CC=C7[C@H]1[C@H](C8=CC=CC=C8)N(C(C2=CSC3=C2C=CC=C3)=O)C(C(O)=O)N1C(C1=CSC2=C1C=CC=C2)=O,1.4613546641665387,0.8431964971481036
70,C12=C(C=CN2C3=NC=CC4=C3C=CC=C4)C=CC=C1,C=CCC1=CC=CC=C1,C7=CC=CC=C7[C@H]%48[C@H](C8=CC=CC=C8)N(C(C%49=CC=C(C%50=CC=CC=C%50)C=C%49)=O)C(C(O)=O)N%48C(C%51=CC=C(C%52=CC=CC=C%52)C=C%51)=O,1.2466747452151392,0.782243582687447
71,C12=C(C=CN2C3=NC=CC4=C3C=CC=C4)C=CC=C1,C=CCC1=CC=CC=C1,C7=CC=CC=C7[C@H]1[C@H](C8=CC=CC=C8)N(C(C2=C(C(F)(F)F)C=CC=C2)=O)C(C(O)=O)N1C(C1=CC=CC=C1C(F)(F)F)=O,1.3232996674711301,0.8060790321720264
72,C12=C(C=CN2C3=NC=CC4=C3C=CC=C4)C=CC=C1,C=CCC1=CC=CC=C1,C7=CC=CC=C7[C@H]1[C@H](C8=CC=CC=C8)N(C(C2=CC=C([N+]([O-])=O)O2)=O)C(C(O)=O)N1C(C1=CC=C([N+]([O-])=O)O1)=O,1.5180481198751274,0.8564668702714218
73,C12=C(C=CN2C3=NC=CC4=C3C=CC=C4)C=CC=C1,C=CCC1=CC=CC=C1,C7=CC=CC=C7[C@H]1[C@H](C8=CC=CC=C8)N(C(C2=COC(Br)=C2)=O)C(C(O)=O)N1C(C1=COC(Br)=C1)=O,1.2164674059579053,0.7721604385637675
74,C12=C(C=CN2C3=NC=CC4=C3C=CC=C4)C=CC=C1,C=CCC1=CC=CC=C1,C7=CC=CC=C7[C@H]1[C@H](C8=CC=CC=C8)N(C(C2=C(Br)SC=C2)=O)C(C(O)=O)N1C(C1=C(Br)SC=C1)=O,1.086800441223782,0.7241559581555773
75,C12=C(C=CN2C3=NC=CC4=C3C=CC=C4)C=CC=C1,C=CCC1=CC=CC=C1,C7=CC=CC=C7[C@H]1[C@H](C8=CC=CC=C8)N(C(C2=CC(C(C)(C)C)=CC(C(C)(C)C)=C2)=O)C(C(O)=O)N1C(C1=CC(C(C)(C)C)=CC(C(C)(C)C)=C1)=O,1.27101629673846,0.7900816826926591
76,C12=C(C=CN2C3=NC=CC4=C3C=CC=C4)C=CC=C1,C=CCC1=CC=CC=C1,C7=CC=CC=C7[C@H]1[C@H](C8=CC=CC=C8)N(C(C2=C(C)OC=C2)=O)C(C(O)=O)N1C(C1=C(C)OC=C1)=O,1.2108254899273103,0.7702326690396262
77,C12=C(C=CN2C3=NC=CC4=C3C=CC=C4)C=CC=C1,C=CCC1=CC=CC=C1,C7=CC=CC=C7[C@H]1[C@H](C8=CC=CC=C8)N(C(C2=C(C(F)(F)F)OC(C)=C2)=O)C(C(O)=O)N1C(C1=C(C(F)(F)F)OC(C)=C1)=O,1.3673731709181813,0.8187097675591887
78,C12=C(C=CN2C3=NC=CC4=C3C=CC=C4)C=CC=C1,C=CCC1=CC=CC=C1,C7=CC=CC=C7[C@H]%30[C@H](C8=CC=CC=C8)N(C(C%31=CC=C(C(F)(F)F)C=C%31)=O)C(C(O)=O)N%30C(C%32=CC=C(C(F)(F)F)C=C%32)=O,1.2959455222273575,0.7978498320747058
79,C12=C(C=CN2C3=NC=CC4=C3C=CC=C4)C=CC=C1,C=CCC1=CC=CC=C1,C7=CC=CC=C7[C@H]%92[C@H](C8=CC=CC=C8)N(C(C%93=CC=CC(C%94=CC=CC=C%94)=C%93)=O)C(C(O)=O)N%92C(C%95=CC(C%96=CC=CC=C%96)=CC=C%95)=O,1.1672125923456667,0.7548471664947329
80,C12=C(C=CN2C3=NC=CC4=C3C=CC=C4)C=CC=C1,C=CCC1=CC=CC=C1,C7=CC=CC=C7[C@H]%10[C@H](C8=CC=CC=C8)N(C(C%11=CSC=C%11)=O)C(C(O)=O)N%10C(C%12=CSC=C%12)=O,1.199018956573526,0.7661525695944645
81,C12=C(C=CN2C3=NC=CC4=C3C=CC=C4)C=CC=C1,C=CCC1=CC=CC=C1,C7=CC=CC=C7[C@H]1[C@H](C8=CC=CC=C8)N(C(C2=C(CC)C=CC=C2)=O)C(C(O)=O)N1C(C1=CC=CC=C1CC)=O,1.1432123492586739,0.7460078624270857
82,C12=C(C=CN2C3=NC=CC4=C3C=CC=C4)C=CC=C1,C=CCC1=CC=CC=C1,C7=CC=CC=C7[C@H]%33[C@H](C8=CC=CC=C8)N(C(C%34=CC=C([N+]([O-])=O)C=C%34)=O)C(C(O)=O)N%33C(C%35=CC=C([N+]([O-])=O)C=C%35)=O,1.28168002768032,0.7934363388951606
83,C12=C(C=CN2C3=NC=CC4=C3C=CC=C4)C=CC=C1,C=CCC1=CC=CC=C1,C7=CC=CC=C7[C@H]%39[C@H](C8=CC=CC=C8)N(C(C%40=CC=C(CC)C=C%40)=O)C(C(O)=O)N%39C(C%41=CC=C(CC)C=C%41)=O,1.5699782040127597,0.8677052670369934
84,C12=C(C=CN2C3=NC=CC4=C3C=CC=C4)C=CC=C1,C=CCC1=CC=CC=C1,C7=CC=CC=C7[C@H]%80[C@H](C8=CC=CC=C8)N(C(C%81=CC=CC(C)=C%81)=O)C(C(O)=O)N%80C(C%82=CC(C)=CC=C%82)=O,1.194785022993044,0.7646741629871003
85,C12=C(C=CN2C3=NC=CC4=C3C=CC=C4)C=CC=C1,C=CCC1=CC=CC=C1,C7=CC=CC=C7[C@H]1[C@H](C8=CC=CC=C8)N(C(C2=C(Br)C=CO2)=O)C(C(O)=O)N1C(C1=C(Br)C=CO1)=O,1.1212352913387427,0.7376761863863798
86,C12=C(C=CN2C3=NC=CC4=C3C=CC=C4)C=CC=C1,C=CCC1=CC=CC=C1,C7=CC=CC=C7[C@H]1[C@H](C8=CC=CC=C8)N(C(C2=CC(Br)=CS2)=O)C(C(O)=O)N1C(C1=CC(Br)=CS1)=O,1.2414198050401655,0.7805180935960782
87,C12=C(C=CN2C3=NC=CC4=C3C=CC=C4)C=CC=C1,C=CCC1=CC=CC=C1,C7=CC=CC=C7[C@H]1[C@H](C8=CC=CC=C8)N(C(C2=CC(C=CC=C3)=C3S2)=O)C(C(O)=O)N1C(C1=CC2=C(C=CC=C2)S1)=O,0.991559896028746,0.6836990657825981
88,C12=C(C=CN2C3=NC=CC4=C3C=CC=C4)C=CC=C1,C=CCC1=CC=CC=C1,C7=CC=CC=C7[C@H]1[C@H](C8=CC=CC=C8)N(C(C2=C(Br)OC=C2)=O)C(C(O)=O)N1C(C1=C(Br)OC=C1)=O,1.0952587817880413,0.7275302477846961
89,C12=C(C=CN2C3=NC=CC4=C3C=CC=C4)C=CC=C1,C=CCC1=CC=CC=C1,C7=CC=CC=C7[C@H]1[C@H](C8=CC=CC=C8)N(C(C2=C(C)OC=C2C)=O)C(C(O)=O)N1C(C1=C(C)OC=C1C)=O,1.05358136444886,0.7105630494874843
90,C12=C(C=CN2C3=NC=CC4=C3C=CC=C4)C=CC=C1,C=CCC1=CC=CC=C1,C6=CC=CC7=C6C=CC=C7[C@H]1[C@H](C8=CC=CC9=C8C=CC=C9)N(C(C2=C(C(F)(F)F)OC=C2)=O)C(C(O)=O)N1C(C1=C(C(F)(F)F)OC=C1)=O,1.1011598546659394,0.7298637251897853
91,C12=C(C=CN2C3=NC=CC4=C3C=CC=C4)C=CC=C1,C=CCC1=CC=CC=C1,C6=CC=CC7=C6C=CC=C7[C@H]%45[C@H](C8=CC=CC9=C8C=CC=C9)N(C(C%46=CC=C(C(C)(C)C)C=C%46)=O)C(C(O)=O)N%45C(C%47=CC=C(C(C)(C)C)C=C%47)=O,1.0228668880057485,0.6975042052801277
92,C12=C(C=CN2C3=NC=CC4=C3C=CC=C4)C=CC=C1,C=CCC1=CC=CC=C1,C6=CC=CC7=C6C=CC=C7[C@H]1[C@H](C8=CC=CC9=C8C=CC=C9)N(C(C2=CC=CO2)=O)C(C(O)=O)N1C(C1=CC=CO1)=O,1.07195194267643,0.7181475901435278
93,C12=C(C=CN2C3=NC=CC4=C3C=CC=C4)C=CC=C1,C=CCC1=CC=CC=C1,C6=CC=CC7=C6C=CC=C7[C@H]1[C@H](C8=CC=CC9=C8C=CC=C9)N(C(C2=CC=C(F)C=C2)=O)C(C(O)=O)N1C(C3=CC=C(F)C=C3)=O,0.9033320759271032,0.6420410521285111
94,C12=C(C=CN2C3=NC=CC4=C3C=CC=C4)C=CC=C1,C=CCC1=CC=CC=C1,C6=CC=CC7=C6C=CC=C7[C@H]1[C@H](C8=CC=CC9=C8C=CC=C9)N(C(C2=CC=C(Cl)O2)=O)C(C(O)=O)N1C(C1=CC=C(Cl)O1)=O,1.366482581557386,0.8184620346234437
95,C12=C(C=CN2C3=NC=CC4=C3C=CC=C4)C=CC=C1,C=CCC1=CC=CC=C1,C6=CC=CC7=C6C=CC=C7[C@H]%16[C@H](C8=CC=CC9=C8C=CC=C9)N(C(C%17=CSC=C%17OC)=O)C(C(O)=O)N%16C(C%18=CSC=C%18OC)=O,0.8417885763694417,0.6105190961456113
96,C12=C(C=CN2C3=NC=CC4=C3C=CC=C4)C=CC=C1,C=CCC1=CC=CC=C1,C6=CC=CC7=C6C=CC=C7[C@H]1[C@H](C8=CC=CC9=C8C=CC=C9)N(C(C2=C(Cl)C=CC=C2)=O)C(C(O)=O)N1C(C1=CC=CC=C1Cl)=O,1.1207691520443286,0.7374969815849637
97,C12=C(C=CN2C3=NC=CC4=C3C=CC=C4)C=CC=C1,C=CCC1=CC=CC=C1,C6=CC=CC7=C6C=CC=C7[C@H]1[C@H](C8=CC=CC9=C8C=CC=C9)N(C(C2=CC(C)=C(C)C=C2)=O)C(C(O)=O)N1C(C1=CC=C(C)C(C)=C1)=O,0.8824084109354923,0.6315538882577919
98,C12=C(C=CN2C3=NC=CC4=C3C=CC=C4)C=CC=C1,C=CCC1=CC=CC=C1,C6=CC=CC7=C6C=CC=C7[C@H]%13[C@H](C8=CC=CC9=C8C=CC=C9)N(C(C%14=C(F)C=CS%14)=O)C(C(O)=O)N%13C(C%15=C(F)C=CS%15)=O,0.9226271224499011,0.6515037266871149
99,C12=C(C=CN2C3=NC=CC4=C3C=CC=C4)C=CC=C1,C=CCC1=CC=CC=C1,C6=CC=CC7=C6C=CC=C7[C@H]1[C@H](C8=CC=CC9=C8C=CC=C9)N(C(C2=C(C)OC(C3=CC=CC=C3)=C2)=O)C(C(O)=O)N1C(C1=C(C)OC(C2=CC=CC=C2)=C1)=O,1.5496816653975722,0.8634135757659098
100,C12=C(C=CN2C3=NC=CC4=C3C=CC=C4)C=CC=C1,C=CCC1=CC=CC=C1,C6=CC=CC7=C6C=CC=C7[C@H]1[C@H](C8=CC=CC9=C8C=CC=C9)N(C(C2=CC=C(Cl)S2)=O)C(C(O)=O)N1C(C1=CC=C(Cl)S1)=O,1.1195382593644576,0.7370232717769585
101,C12=C(C=CN2C3=NC=CC4=C3C=CC=C4)C=CC=C1,C=CCC1=CC=CC=C1,C6=CC=CC7=C6C=CC=C7[C@H]%36[C@H](C8=CC=CC9=C8C=CC=C9)N(C(C%37=CC=C(C)C=C%37)=O)C(C(O)=O)N%36C(C%38=CC=C(C)C=C%38)=O,1.1797080715617125,0.7593436654881363
102,C12=C(C=CN2C3=NC=CC4=C3C=CC=C4)C=CC=C1,C=CCC1=CC=CC=C1,C6=CC=CC7=C6C=CC=C7[C@H]4[C@H](C8=CC=CC9=C8C=CC=C9)N(C(C5=CC=CS5)=O)C(C(O)=O)N4C(C6=CC=CS6)=O,1.063899796051778,0.7148438090747682
103,C12=C(C=CN2C3=NC=CC4=C3C=CC=C4)C=CC=C1,C=CCC1=CC=CC=C1,C6=CC=CC7=C6C=CC=C7[C@H]1[C@H](C8=CC=CC9=C8C=CC=C9)N(C(C2=C(F)C=CC=C2)=O)C(C(O)=O)N1C(C1=CC=CC=C1F)=O,0.9188669841975556,0.6496752919627676
104,C12=C(C=CN2C3=NC=CC4=C3C=CC=C4)C=CC=C1,C=CCC1=CC=CC=C1,C6=CC=CC7=C6C=CC=C7[C@H]1[C@H](C8=CC=CC9=C8C=CC=C9)N(C(C2=C([N+]([O-])=O)C=CC=C2)=O)C(C(O)=O)N1C(C1=CC=CC=C1[N+]([O-])=O)=O,0.8137600470378937,0.5954813288844912
105,C12=C(C=CN2C3=NC=CC4=C3C=CC=C4)C=CC=C1,C=CCC1=CC=CC=C1,C6=CC=CC7=C6C=CC=C7[C@H]1[C@H](C8=CC=CC9=C8C=CC=C9)N(C(C2=COC=C2C)=O)C(C(O)=O)N1C(C1=COC=C1C)=O,0.9059863723234839,0.6433545936569585
106,C12=C(C=CN2C3=NC=CC4=C3C=CC=C4)C=CC=C1,C=CCC1=CC=CC=C1,C6=CC=CC7=C6C=CC=C7[C@H]1[C@H](C8=CC=CC9=C8C=CC=C9)N(C(C2=C(OC)C=CC=C2)=O)C(C(O)=O)N1C(C1=CC=CC=C1OC)=O,0.5500635433268685,0.4331619942734851
107,C12=C(C=CN2C3=NC=CC4=C3C=CC=C4)C=CC=C1,C=CCC1=CC=CC=C1,C6=CC=CC7=C6C=CC=C7[C@H]1[C@H](C8=CC=CC9=C8C=CC=C9)N(C(C2=C(C)C(C=CC=C3)=C3O2)=O)C(C(O)=O)N1C(C1=C(C)C2=C(C=CC=C2)O1)=O,1.2931627187155679,0.796995504396422
108,C12=C(C=CN2C3=NC=CC4=C3C=CC=C4)C=CC=C1,C=CCC1=CC=CC=C1,C6=CC=CC7=C6C=CC=C7[C@H]%68[C@H](C8=CC=CC9=C8C=CC=C9)N(C(C%69=CC=C(OC)C=C%69)=O)C(C(O)=O)N%68C(C%70=CC=C(OC)C=C%70)=O,1.3447919945804008,0.8123336631261506
109,C12=C(C=CN2C3=NC=CC4=C3C=CC=C4)C=CC=C1,C=CCC1=CC=CC=C1,C6=CC=CC7=C6C=CC=C7[C@H]1[C@H](C8=CC=CC9=C8C=CC=C9)N(C(C2=COC(C)=C2)=O)C(C(O)=O)N1C(C1=COC(C)=C1)=O,1.4181810069531038,0.8323475195750775
110,C12=C(C=CN2C3=NC=CC4=C3C=CC=C4)C=CC=C1,C=CCC1=CC=CC=C1,C6=CC=CC7=C6C=CC=C7[C@H]%56[C@H](C8=CC=CC9=C8C=CC=C9)N(C(C%57=CC=CC(Cl)=C%57)=O)C(C(O)=O)N%56C(C%58=CC(Cl)=CC=C%58)=O,0.7926087290124683,0.5838491964073956
111,C12=C(C=CN2C3=NC=CC4=C3C=CC=C4)C=CC=C1,C=CCC1=CC=CC=C1,C6=CC=CC7=C6C=CC=C7[C@H]1[C@H](C8=CC=CC9=C8C=CC=C9)N(C(C2=C(C)C=CS2)=O)C(C(O)=O)N1C(C1=C(C)C=CS1)=O,1.2115889794576284,0.770494371514186
112,C12=C(C=CN2C3=NC=CC4=C3C=CC=C4)C=CC=C1,C=CCC1=CC=CC=C1,C6=CC=CC7=C6C=CC=C7[C@H]%89[C@H](C8=CC=CC9=C8C=CC=C9)N(C(C%90=CC=CC(C(C)(C)C)=C%90)=O)C(C(O)=O)N%89C(C%91=CC(C(C)(C)C)=CC=C%91)=O,1.3335380228945137,0.8090814486410359
113,C12=C(C=CN2C3=NC=CC4=C3C=CC=C4)C=CC=C1,C=CCC1=CC=CC=C1,C6=CC=CC7=C6C=CC=C7[C@H]1[C@H](C8=CC=CC9=C8C=CC=C9)N(C(C2=C(C#N)C=CC=C2)=O)C(C(O)=O)N1C(C1=CC=CC=C1C#N)=O,0.9439898161716639,0.661748965175439
114,C12=C(C=CN2C3=NC=CC4=C3C=CC=C4)C=CC=C1,C=CCC1=CC=CC=C1,C6=CC=CC7=C6C=CC=C7[C@H]1[C@H](C8=CC=CC9=C8C=CC=C9)N(C(C2=C(C)OC(C)=C2)=O)C(C(O)=O)N1C(C1=C(C)OC(C)=C1)=O,1.1793579081780823,0.7592186345403777
115,C12=C(C=CN2C3=NC=CC4=C3C=CC=C4)C=CC=C1,C=CCC1=CC=CC=C1,C6=CC=CC7=C6C=CC=C7[C@H]%59[C@H](C8=CC=CC9=C8C=CC=C9)N(C(C%60=CC=CC(Br)=C%60)=O)C(C(O)=O)N%59C(C%61=CC(Br)=CC=C%61)=O,0.8885366604395104,0.6346498425589141
116,C12=C(C=CN2C3=NC=CC4=C3C=CC=C4)C=CC=C1,C=CCC1=CC=CC=C1,C6=CC=CC7=C6C=CC=C7[C@H]1[C@H](C8=CC=CC9=C8C=CC=C9)N(C(CCCCC)=O)C(C(O)=O)N1C(CCCCC)=O,1.019822392913188,0.6961837482980773
117,C12=C(C=CN2C3=NC=CC4=C3C=CC=C4)C=CC=C1,C=CCC1=CC=CC=C1,C6=CC=CC7=C6C=CC=C7[C@H]1[C@H](C8=CC=CC9=C8C=CC=C9)N(C(C2=C(I)C=CC=C2)=O)C(C(O)=O)N1C(C1=CC=CC=C1I)=O,0.8170328130361795,0.5972593322021221
118,C12=C(C=CN2C3=NC=CC4=C3C=CC=C4)C=CC=C1,C=CCC1=CC=CC=C1,C6=CC=CC7=C6C=CC=C7[C@H]1[C@H](C8=CC=CC9=C8C=CC=C9)N(C(C2=C(Cl)SC(Cl)=C2)=O)C(C(O)=O)N1C(C1=C(Cl)SC(Cl)=C1)=O,1.0484929283620241,0.7084324484247383
119,C12=C(C=CN2C3=NC=CC4=C3C=CC=C4)C=CC=C1,C=CCC1=CC=CC=C1,C6=CC=CC7=C6C=CC=C7[C@H]1[C@H](C8=CC=CC9=C8C=CC=C9)N(C(C2=CC(C)=CS2)=O)C(C(O)=O)N1C(C1=CC(C)=CS1)=O,1.0964669728754406,0.7280093841589226
120,C12=C(C=CN2C3=NC=CC4=C3C=CC=C4)C=CC=C1,C=CCC1=CC=CC=C1,C6=CC=CC7=C6C=CC=C7[C@H]1[C@H](C8=CC=CC9=C8C=CC=C9)N(C(C2=C(C)C=CC=C2)=O)C(C(O)=O)N1C(C1=CC=CC=C1C)=O,1.1551354105892189,0.7504326898387605
121,C12=C(C=CN2C3=NC=CC4=C3C=CC=C4)C=CC=C1,C=CCC1=CC=CC=C1,C6=CC=CC7=C6C=CC=C7[C@H]%74[C@H](C8=CC=CC9=C8C=CC=C9)N(C(C%75=CC=C(C#N)C=C%75)=O)C(C(O)=O)N%74C(C%76=CC=C(C#N)C=C%76)=O,1.37760364598687,0.8215337900939309
122,C12=C(C=CN2C3=NC=CC4=C3C=CC=C4)C=CC=C1,C=CCC1=CC=CC=C1,C6=CC=CC7=C6C=CC=C7[C@H]1[C@H](C8=CC=CC9=C8C=CC=C9)N(C(C2=C(Br)C=CC=C2)=O)C(C(O)=O)N1C(C1=CC=CC=C1Br)=O,0.9528063230137707,0.665906763918919
123,C12=C(C=CN2C3=NC=CC4=C3C=CC=C4)C=CC=C1,C=CCC1=CC=CC=C1,C6=CC=CC7=C6C=CC=C7[C@H]%71[C@H](C8=CC=CC9=C8C=CC=C9)N(C(C%72=CC=CC(C#N)=C%72)=O)C(C(O)=O)N%71C(C%73=CC(C#N)=CC=C%73)=O,1.0613858135572156,0.7138057334956341
124,C12=C(C=CN2C3=NC=CC4=C3C=CC=C4)C=CC=C1,C=CCC1=CC=CC=C1,C6=CC=CC7=C6C=CC=C7[C@H]1[C@H](C8=CC=CC9=C8C=CC=C9)N(C(C2=CSC=C2Br)=O)C(C(O)=O)N1C(C1=CSC=C1Br)=O,1.0287400857482119,0.7000381974447198
125,C12=C(C=CN2C3=NC=CC4=C3C=CC=C4)C=CC=C1,C=CCC1=CC=CC=C1,C6=CC=CC7=C6C=CC=C7[C@H]1[C@H](C8=CC=CC9=C8C=CC=C9)N(C(C2=CC(C)=CC(C)=C2)=O)C(C(O)=O)N1C(C1=CC(C)=CC(C)=C1)=O,0.899109798687949,0.6399437674834064
126,C12=C(C=CN2C3=NC=CC4=C3C=CC=C4)C=CC=C1,C=CCC1=CC=CC=C1,C6=CC=CC7=C6C=CC=C7[C@H]1[C@H](C8=CC=CC9=C8C=CC=C9)N(C(C2=C(C3=CC=CC=C3)C=CC=C2)=O)C(C(O)=O)N1C(C1=CC=CC=C1C1=CC=CC=C1)=O,0.7615712141351882,0.5663370649444557
127,C12=C(C=CN2C3=NC=CC4=C3C=CC=C4)C=CC=C1,C=CCC1=CC=CC=C1,C6=CC=CC7=C6C=CC=C7[C@H]1[C@H](C8=CC=CC9=C8C=CC=C9)N(C(C2=COC3=C2C=CC=C3)=O)C(C(O)=O)N1C(C1=COC2=C1C=CC=C2)=O,1.2400783146086667,0.7800756911348988
128,C12=C(C=CN2C3=NC=CC4=C3C=CC=C4)C=CC=C1,C=CCC1=CC=CC=C1,C6=CC=CC7=C6C=CC=C7[C@H]%53[C@H](C8=CC=CC9=C8C=CC=C9)N(C(C%54=CC=CC(F)=C%54)=O)C(C(O)=O)N%53C(C%55=CC(F)=CC=C%55)=O,1.147449196061799,0.7475878475915575
129,C12=C(C=CN2C3=NC=CC4=C3C=CC=C4)C=CC=C1,C=CCC1=CC=CC=C1,C6=CC=CC7=C6C=CC=C7[C@H]1[C@H](C8=CC=CC9=C8C=CC=C9)N(C(C2=CC(C(F)(F)F)=CC(C(F)(F)F)=C2)=O)C(C(O)=O)N1C(C1=CC(C(F)(F)F)=CC(C(F)(F)F)=C1)=O,1.1237881978472697,0.7386557964185468
130,C12=C(C=CN2C3=NC=CC4=C3C=CC=C4)C=CC=C1,C=CCC1=CC=CC=C1,C6=CC=CC7=C6C=CC=C7[C@H]%42[C@H](C8=CC=CC9=C8C=CC=C9)N(C(C%43=CC=C(C(C)C)C=C%43)=O)C(C(O)=O)N%42C(C%44=CC=C(C(C)C)C=C%44)=O,1.2658270616278344,0.7884318911114105
131,C12=C(C=CN2C3=NC=CC4=C3C=CC=C4)C=CC=C1,C=CCC1=CC=CC=C1,C6=CC=CC7=C6C=CC=C7[C@H]1[C@H](C8=CC=CC9=C8C=CC=C9)N(C(C2=C(C3=CC=CC=C3)OC(C)=C2)=O)C(C(O)=O)N1C(C1=C(C2=CC=CC=C2)OC(C)=C1)=O,1.2797842296869648,0.7928434351778292
132,C12=C(C=CN2C3=NC=CC4=C3C=CC=C4)C=CC=C1,C=CCC1=CC=CC=C1,C6=CC=CC7=C6C=CC=C7[C@H]1[C@H](C8=CC=CC9=C8C=CC=C9)N(C(C2=C(C=CC=C3)C3=CC=C2)=O)C(C(O)=O)N1C(C1=CC=CC2=C1C=CC=C2)=O,0.8385714284211352,0.6088148070182804
133,C12=C(C=CN2C3=NC=CC4=C3C=CC=C4)C=CC=C1,C=CCC1=CC=CC=C1,C6=CC=CC7=C6C=CC=C7[C@H]1[C@H](C8=CC=CC9=C8C=CC=C9)N(C(C2=CC(C)=C(C)O2)=O)C(C(O)=O)N1C(C1=CC(C)=C(C)O1)=O,1.2994413162492404,0.7989185262775093
134,C12=C(C=CN2C3=NC=CC4=C3C=CC=C4)C=CC=C1,C=CCC1=CC=CC=C1,C6=CC=CC7=C6C=CC=C7[C@H]%77[C@H](C8=CC=CC9=C8C=CC=C9)N(C(C%78=CC=CC([N+]([O-])=O)=C%78)=O)C(C(O)=O)N%77C(C%79=CC([N+]([O-])=O)=CC=C%79)=O,1.0516314843379697,0.7097481394568657
135,C12=C(C=CN2C3=NC=CC4=C3C=CC=C4)C=CC=C1,C=CCC1=CC=CC=C1,C6=CC=CC7=C6C=CC=C7[C@H]%62[C@H](C8=CC=CC9=C8C=CC=C9)N(C(C%63=CC=CC(I)=C%63)=O)C(C(O)=O)N%62C(C%64=CC(I)=CC=C%64)=O,1.062066991106092,0.7140873163736403
136,C12=C(C=CN2C3=NC=CC4=C3C=CC=C4)C=CC=C1,C=CCC1=CC=CC=C1,C6=CC=CC7=C6C=CC=C7[C@H]1[C@H](C8=CC=CC9=C8C=CC=C9)N(C(C2=COC=C2)=O)C(C(O)=O)N1C(C1=COC=C1)=O,1.1434423211642633,0.7460938389510281
137,C12=C(C=CN2C3=NC=CC4=C3C=CC=C4)C=CC=C1,C=CCC1=CC=CC=C1,C6=CC=CC7=C6C=CC=C7[C@H]1[C@H](C8=CC=CC9=C8C=CC=C9)N(C(C2=CC(CCCC3)=C3S2)=O)C(C(O)=O)N1C(C1=CC2=C(CCCC2)S1)=O,0.8613209106947167,0.6207455256437617
138,C12=C(C=CN2C3=NC=CC4=C3C=CC=C4)C=CC=C1,C=CCC1=CC=CC=C1,C6=CC=CC7=C6C=CC=C7[C@H]1[C@H](C8=CC=CC9=C8C=CC=C9)N(C(C2=CC(C=CC=C3)=C3O2)=O)C(C(O)=O)N1C(C1=CC2=C(C=CC=C2)O1)=O,1.2895468091744267,0.795880627667707
139,C12=C(C=CN2C3=NC=CC4=C3C=CC=C4)C=CC=C1,C=CCC1=CC=CC=C1,C6=CC=CC7=C6C=CC=C7[C@H]1[C@H](C8=CC=CC9=C8C=CC=C9)N(C(C2=C(C(C)C)C=CC=C2)=O)C(C(O)=O)N1C(C1=CC=CC=C1C(C)C)=O,0.8966383254869116,0.6387116970254574
140,C12=C(C=CN2C3=NC=CC4=C3C=CC=C4)C=CC=C1,C=CCC1=CC=CC=C1,C6=CC=CC7=C6C=CC=C7[C@H]1[C@H](C8=CC=CC9=C8C=CC=C9)N(C(C2=CC=C(C)O2)=O)C(C(O)=O)N1C(C1=CC=C(C)O1)=O,1.117524209980895,0.7362465991635925
141,C12=C(C=CN2C3=NC=CC4=C3C=CC=C4)C=CC=C1,C=CCC1=CC=CC=C1,C6=CC=CC7=C6C=CC=C7[C@H]1[C@H](C8=CC=CC9=C8C=CC=C9)N(C(C2=CC=C(Br)S2)=O)C(C(O)=O)N1C(C1=CC=C(Br)S1)=O,1.3287310134851298,0.8076769970633594
142,C12=C(C=CN2C3=NC=CC4=C3C=CC=C4)C=CC=C1,C=CCC1=CC=CC=C1,C6=CC=CC7=C6C=CC=C7[C@H]1[C@H](C8=CC=CC9=C8C=CC=C9)N(C(C2=CC=C(C)S2)=O)C(C(O)=O)N1C(C1=CC=C(C)S1)=O,1.2242337136955483,0.7747910196980721
143,C12=C(C=CN2C3=NC=CC4=C3C=CC=C4)C=CC=C1,C=CCC1=CC=CC=C1,C6=CC=CC7=C6C=CC=C7[C@H]1[C@H](C8=CC=CC9=C8C=CC=C9)N(C(C2=CC=C(C=CC=C3)C3=C2)=O)C(C(O)=O)N1C(C1=CC(C=CC=C2)=C2C=C1)=O,1.223897988851455,0.7746778544431112
144,C12=C(C=CN2C3=NC=CC4=C3C=CC=C4)C=CC=C1,C=CCC1=CC=CC=C1,C6=CC=CC7=C6C=CC=C7[C@H]%83[C@H](C8=CC=CC9=C8C=CC=C9)N(C(C%84=CC=CC(CC)=C%84)=O)C(C(O)=O)N%83C(C%85=CC(CC)=CC=C%85)=O,1.0601076992768461,0.7132767675800841
145,C12=C(C=CN2C3=NC=CC4=C3C=CC=C4)C=CC=C1,C=CCC1=CC=CC=C1,C6=CC=CC7=C6C=CC=C7[C@H]1[C@H](C8=CC=CC9=C8C=CC=C9)N(C(C2=C(Br)C=CS2)=O)C(C(O)=O)N1C(C1=C(Br)C=CS1)=O,0.7840576635434995,0.5790770838336333
146,C12=C(C=CN2C3=NC=CC4=C3C=CC=C4)C=CC=C1,C=CCC1=CC=CC=C1,C6=CC=CC7=C6C=CC=C7[C@H]%24[C@H](C8=CC=CC9=C8C=CC=C9)N(C(C%25=CC=C(Br)C=C%25)=O)C(C(O)=O)N%24C(C%26=CC=C(Br)C=C%26)=O,1.1303613448232057,0.7411637679728208
147,C12=C(C=CN2C3=NC=CC4=C3C=CC=C4)C=CC=C1,C=CCC1=CC=CC=C1,C6=CC=CC7=C6C=CC=C7[C@H]%65[C@H](C8=CC=CC9=C8C=CC=C9)N(C(C%66=CC=CC(C(F)(F)F)=C%66)=O)C(C(O)=O)N%65C(C%67=CC(C(F)(F)F)=CC=C%67)=O,0.9022518801452755,0.6415054095789361
148,C12=C(C=CN2C3=NC=CC4=C3C=CC=C4)C=CC=C1,C=CCC1=CC=CC=C1,C6=CC=CC7=C6C=CC=C7[C@H]1[C@H](C8=CC=CC9=C8C=CC=C9)N(C(C2=CC=C(C#N)O2)=O)C(C(O)=O)N1C(C1=CC=C(C#N)O1)=O,0.8874943250583475,0.6341246904023785
149,C12=C(C=CN2C3=NC=CC4=C3C=CC=C4)C=CC=C1,C=CCC1=CC=CC=C1,C6=CC=CC7=C6C=CC=C7[C@H]1[C@H](C8=CC=CC9=C8C=CC=C9)N(C(CC2=CC=CC=C2)=O)C(C(O)=O)N1C(CC1=CC=CC=C1)=O,0.9161007565145363,0.6483253459785728
150,C12=C(C=CN2C3=NC=CC4=C3C=CC=C4)C=CC=C1,C=CCC1=CC=CC=C1,C6=CC=CC7=C6C=CC=C7[C@H]1[C@H](C8=CC=CC9=C8C=CC=C9)N(C(C2=CSC(C)=C2)=O)C(C(O)=O)N1C(C1=CSC(C)=C1)=O,1.089031816535964,0.7250495155171892
151,C12=C(C=CN2C3=NC=CC4=C3C=CC=C4)C=CC=C1,C=CCC1=CC=CC=C1,C6=CC=CC7=C6C=CC=C7[C@H]1[C@H](C8=CC=CC9=C8C=CC=C9)N(C(C2=CC=C(C3=CC=CC=C3)O2)=O)C(C(O)=O)N1C(C1=CC=C(C2=CC=CC=C2)O1)=O,1.2653686343399648,0.7882855969915451
152,C12=C(C=CN2C3=NC=CC4=C3C=CC=C4)C=CC=C1,C=CCC1=CC=CC=C1,C6=CC=CC7=C6C=CC=C7[C@H]%21[C@H](C8=CC=CC9=C8C=CC=C9)N(C(C%22=CC=C(Cl)C=C%22)=O)C(C(O)=O)N%21C(C%23=CC=C(Cl)C=C%23)=O,1.1690159116768597,0.755500525396929
153,C12=C(C=CN2C3=NC=CC4=C3C=CC=C4)C=CC=C1,C=CCC1=CC=CC=C1,C6=CC=CC7=C6C=CC=C7[C@H]%86[C@H](C8=CC=CC9=C8C=CC=C9)N(C(C%87=CC=CC(C(C)C)=C%87)=O)C(C(O)=O)N%86C(C%88=CC(C(C)C)=CC=C%88)=O,1.4384670897343528,0.837527599595626
154,C12=C(C=CN2C3=NC=CC4=C3C=CC=C4)C=CC=C1,C=CCC1=CC=CC=C1,C6=CC=CC7=C6C=CC=C7[C@H]%97[C@H](C8=CC=CC9=C8C=CC=C9)N(C(C%98=CC=CC(OC)=C%98)=O)C(C(O)=O)N%97C(C%99=CC(OC)=CC=C%99)=O,1.250414845734467,0.7834644018350713
155,C12=C(C=CN2C3=NC=CC4=C3C=CC=C4)C=CC=C1,C=CCC1=CC=CC=C1,C6=CC=CC7=C6C=CC=C7[C@H]1[C@H](C8=CC=CC9=C8C=CC=C9)N(C(C2=C(C(C)(C)C)C=CC=C2)=O)C(C(O)=O)N1C(C1=CC=CC=C1C(C)(C)C)=O,0.852579184245001,0.6161943052992699
156,C12=C(C=CN2C3=NC=CC4=C3C=CC=C4)C=CC=C1,C=CCC1=CC=CC=C1,C6=CC=CC7=C6C=CC=C7[C@H]1[C@H](C8=CC=CC9=C8C=CC=C9)N(C(C2=C(C)C=CO2)=O)C(C(O)=O)N1C(C1=C(C)C=CO1)=O,1.2240227837291155,0.7747199257709865
157,C12=C(C=CN2C3=NC=CC4=C3C=CC=C4)C=CC=C1,C=CCC1=CC=CC=C1,C6=CC=CC7=C6C=CC=C7[C@H]%27[C@H](C8=CC=CC9=C8C=CC=C9)N(C(C%28=CC=C(I)C=C%28)=O)C(C(O)=O)N%27C(C%29=CC=C(I)C=C%29)=O,1.1267609858611558,0.7397926057973299
158,C12=C(C=CN2C3=NC=CC4=C3C=CC=C4)C=CC=C1,C=CCC1=CC=CC=C1,C6=CC=CC7=C6C=CC=C7[C@H]7[C@H](C8=CC=CC9=C8C=CC=C9)N(C(C8=CC=CC=C8)=O)C(C(O)=O)N7C(C9=CC=CC=C9)=O,1.0508364051808872,0.70941530706164
159,C12=C(C=CN2C3=NC=CC4=C3C=CC=C4)C=CC=C1,C=CCC1=CC=CC=C1,C6=CC=CC7=C6C=CC=C7[C@H]1[C@H](C8=CC=CC9=C8C=CC=C9)N(C(C2=CSC3=C2C=CC=C3)=O)C(C(O)=O)N1C(C1=CSC2=C1C=CC=C2)=O,0.9608699636524339,0.6696736506035672
160,C12=C(C=CN2C3=NC=CC4=C3C=CC=C4)C=CC=C1,C=CCC1=CC=CC=C1,C6=CC=CC7=C6C=CC=C7[C@H]%48[C@H](C8=CC=CC9=C8C=CC=C9)N(C(C%49=CC=C(C%50=CC=CC=C%50)C=C%49)=O)C(C(O)=O)N%48C(C%51=CC=C(C%52=CC=CC=C%52)C=C%51)=O,1.2846150181913738,0.7943512845023778
161,C12=C(C=CN2C3=NC=CC4=C3C=CC=C4)C=CC=C1,C=CCC1=CC=CC=C1,C6=CC=CC7=C6C=CC=C7[C@H]1[C@H](C8=CC=CC9=C8C=CC=C9)N(C(C2=C(C(F)(F)F)C=CC=C2)=O)C(C(O)=O)N1C(C1=CC=CC=C1C(F)(F)F)=O,0.7244695748587936,0.544712324817037
162,C12=C(C=CN2C3=NC=CC4=C3C=CC=C4)C=CC=C1,C=CCC1=CC=CC=C1,C6=CC=CC7=C6C=CC=C7[C@H]1[C@H](C8=CC=CC9=C8C=CC=C9)N(C(C2=CC=C([N+]([O-])=O)O2)=O)C(C(O)=O)N1C(C1=CC=C([N+]([O-])=O)O1)=O,1.1468738178497164,0.7473737747159261
163,C12=C(C=CN2C3=NC=CC4=C3C=CC=C4)C=CC=C1,C=CCC1=CC=CC=C1,C6=CC=CC7=C6C=CC=C7[C@H]1[C@H](C8=CC=CC9=C8C=CC=C9)N(C(C2=COC(Br)=C2)=O)C(C(O)=O)N1C(C1=COC(Br)=C1)=O,1.3220811618391843,0.8057189097446271
164,C12=C(C=CN2C3=NC=CC4=C3C=CC=C4)C=CC=C1,C=CCC1=CC=CC=C1,C6=CC=CC7=C6C=CC=C7[C@H]1[C@H](C8=CC=CC9=C8C=CC=C9)N(C(C2=C(Br)SC=C2)=O)C(C(O)=O)N1C(C1=C(Br)SC=C1)=O,0.8324368185584208,0.6055493593205941
165,C12=C(C=CN2C3=NC=CC4=C3C=CC=C4)C=CC=C1,C=CCC1=CC=CC=C1,C6=CC=CC7=C6C=CC=C7[C@H]1[C@H](C8=CC=CC9=C8C=CC=C9)N(C(C2=CC(C(C)(C)C)=CC(C(C)(C)C)=C2)=O)C(C(O)=O)N1C(C1=CC(C(C)(C)C)=CC(C(C)(C)C)=C1)=O,0.9767612313922913,0.6769973352545796
166,C12=C(C=CN2C3=NC=CC4=C3C=CC=C4)C=CC=C1,C=CCC1=CC=CC=C1,C6=CC=CC7=C6C=CC=C7[C@H]1[C@H](C8=CC=CC9=C8C=CC=C9)N(C(C2=C(C)OC=C2)=O)C(C(O)=O)N1C(C1=C(C)OC=C1)=O,0.979253142896976,0.6781337964374607
167,C12=C(C=CN2C3=NC=CC4=C3C=CC=C4)C=CC=C1,C=CCC1=CC=CC=C1,C6=CC=CC7=C6C=CC=C7[C@H]1[C@H](C8=CC=CC9=C8C=CC=C9)N(C(C2=C(C(F)(F)F)OC(C)=C2)=O)C(C(O)=O)N1C(C1=C(C(F)(F)F)OC(C)=C1)=O,0.9331751850145875,0.6565927137729431
168,C12=C(C=CN2C3=NC=CC4=C3C=CC=C4)C=CC=C1,C=CCC1=CC=CC=C1,C6=CC=CC7=C6C=CC=C7[C@H]%30[C@H](C8=CC=CC9=C8C=CC=C9)N(C(C%31=CC=C(C(F)(F)F)C=C%31)=O)C(C(O)=O)N%30C(C%32=CC=C(C(F)(F)F)C=C%32)=O,0.9740727457440674,0.6757675935853876
169,C12=C(C=CN2C3=NC=CC4=C3C=CC=C4)C=CC=C1,C=CCC1=CC=CC=C1,C6=CC=CC7=C6C=CC=C7[C@H]%92[C@H](C8=CC=CC9=C8C=CC=C9)N(C(C%93=CC=CC(C%94=CC=CC=C%94)=C%93)=O)C(C(O)=O)N%92C(C%95=CC(C%96=CC=CC=C%96)=CC=C%95)=O,1.016988366696808,0.6949503269868333
170,C12=C(C=CN2C3=NC=CC4=C3C=CC=C4)C=CC=C1,C=CCC1=CC=CC=C1,C6=CC=CC7=C6C=CC=C7[C@H]%10[C@H](C8=CC=CC9=C8C=CC=C9)N(C(C%11=CSC=C%11)=O)C(C(O)=O)N%10C(C%12=CSC=C%12)=O,1.0058290121168434,0.6900536186879603
171,C12=C(C=CN2C3=NC=CC4=C3C=CC=C4)C=CC=C1,C=CCC1=CC=CC=C1,C6=CC=CC7=C6C=CC=C7[C@H]1[C@H](C8=CC=CC9=C8C=CC=C9)N(C(C2=C(CC)C=CC=C2)=O)C(C(O)=O)N1C(C1=CC=CC=C1CC)=O,0.9575528885803827,0.6681282374919364
172,C12=C(C=CN2C3=NC=CC4=C3C=CC=C4)C=CC=C1,C=CCC1=CC=CC=C1,C6=CC=CC7=C6C=CC=C7[C@H]%33[C@H](C8=CC=CC9=C8C=CC=C9)N(C(C%34=CC=C([N+]([O-])=O)C=C%34)=O)C(C(O)=O)N%33C(C%35=CC=C([N+]([O-])=O)C=C%35)=O,1.2185641418175392,0.7728732660891586
173,C12=C(C=CN2C3=NC=CC4=C3C=CC=C4)C=CC=C1,C=CCC1=CC=CC=C1,C6=CC=CC7=C6C=CC=C7[C@H]%39[C@H](C8=CC=CC9=C8C=CC=C9)N(C(C%40=CC=C(CC)C=C%40)=O)C(C(O)=O)N%39C(C%41=CC=C(CC)C=C%41)=O,0.9852684104102991,0.6808638020299513
174,C12=C(C=CN2C3=NC=CC4=C3C=CC=C4)C=CC=C1,C=CCC1=CC=CC=C1,C6=CC=CC7=C6C=CC=C7[C@H]%80[C@H](C8=CC=CC9=C8C=CC=C9)N(C(C%81=CC=CC(C)=C%81)=O)C(C(O)=O)N%80C(C%82=CC(C)=CC=C%82)=O,1.2628635470235878,0.7874845930580157
175,C12=C(C=CN2C3=NC=CC4=C3C=CC=C4)C=CC=C1,C=CCC1=CC=CC=C1,C6=CC=CC7=C6C=CC=C7[C@H]1[C@H](C8=CC=CC9=C8C=CC=C9)N(C(C2=C(Br)C=CO2)=O)C(C(O)=O)N1C(C1=C(Br)C=CO1)=O,1.1568648547535911,0.7510689955673414
176,C12=C(C=CN2C3=NC=CC4=C3C=CC=C4)C=CC=C1,C=CCC1=CC=CC=C1,C6=CC=CC7=C6C=CC=C7[C@H]1[C@H](C8=CC=CC9=C8C=CC=C9)N(C(C2=CC(Br)=CS2)=O)C(C(O)=O)N1C(C1=CC(Br)=CS1)=O,1.0008633285021296,0.6878541309531305
177,C12=C(C=CN2C3=NC=CC4=C3C=CC=C4)C=CC=C1,C=CCC1=CC=CC=C1,C6=CC=CC7=C6C=CC=C7[C@H]1[C@H](C8=CC=CC9=C8C=CC=C9)N(C(C2=CC(C=CC=C3)=C3S2)=O)C(C(O)=O)N1C(C1=CC2=C(C=CC=C2)S1)=O,1.2766770999028862,0.7918684367646162
178,C12=C(C=CN2C3=NC=CC4=C3C=CC=C4)C=CC=C1,C=CCC1=CC=CC=C1,C6=CC=CC7=C6C=CC=C7[C@H]1[C@H](C8=CC=CC9=C8C=CC=C9)N(C(C2=C(Br)OC=C2)=O)C(C(O)=O)N1C(C1=C(Br)OC=C1)=O,0.7407638155249991,0.5543020031023045
179,C12=C(C=CN2C3=NC=CC4=C3C=CC=C4)C=CC=C1,C=CCC1=CC=CC=C1,C6=CC=CC7=C6C=CC=C7[C@H]1[C@H](C8=CC=CC9=C8C=CC=C9)N(C(C2=C(C)OC=C2C)=O)C(C(O)=O)N1C(C1=C(C)OC=C1C)=O,1.0338781329668427,0.7022406491896933
180,C12=C(C=CN2C3=NC=CC4=C3C=CC=C4)C=CC=C1,C=CCC1=CC=CC=C1,C6=CC(C=CC=C7)=C7C=C6[C@H]1[C@H](C8=CC(C=CC=C9)=C9C=C8)N(C(C2=C(C(F)(F)F)OC=C2)=O)C(C(O)=O)N1C(C1=C(C(F)(F)F)OC=C1)=O,0.9509121649189363,0.6650169528727513
181,C12=C(C=CN2C3=NC=CC4=C3C=CC=C4)C=CC=C1,C=CCC1=CC=CC=C1,C6=CC(C=CC=C7)=C7C=C6[C@H]%45[C@H](C8=CC(C=CC=C9)=C9C=C8)N(C(C%46=CC=C(C(C)(C)C)C=C%46)=O)C(C(O)=O)N%45C(C%47=CC=C(C(C)(C)C)C=C%47)=O,0.9403956451087354,0.6600421943610775
182,C12=C(C=CN2C3=NC=CC4=C3C=CC=C4)C=CC=C1,C=CCC1=CC=CC=C1,C6=CC(C=CC=C7)=C7C=C6[C@H]1[C@H](C8=CC(C=CC=C9)=C9C=C8)N(C(C2=CC=CO2)=O)C(C(O)=O)N1C(C1=CC=CO1)=O,1.2974544735037445,0.7983117484277238
183,C12=C(C=CN2C3=NC=CC4=C3C=CC=C4)C=CC=C1,C=CCC1=CC=CC=C1,C6=CC(C=CC=C7)=C7C=C6[C@H]1[C@H](C8=CC(C=CC=C9)=C9C=C8)N(C(C2=CC=C(F)C=C2)=O)C(C(O)=O)N1C(C3=CC=C(F)C=C3)=O,1.1585162138084764,0.751675272455976
184,C12=C(C=CN2C3=NC=CC4=C3C=CC=C4)C=CC=C1,C=CCC1=CC=CC=C1,C6=CC(C=CC=C7)=C7C=C6[C@H]1[C@H](C8=CC(C=CC=C9)=C9C=C8)N(C(C2=CC=C(Cl)O2)=O)C(C(O)=O)N1C(C1=CC=C(Cl)O1)=O,1.3678590404146516,0.818844792263037
185,C12=C(C=CN2C3=NC=CC4=C3C=CC=C4)C=CC=C1,C=CCC1=CC=CC=C1,C6=CC(C=CC=C7)=C7C=C6[C@H]%16[C@H](C8=CC(C=CC=C9)=C9C=C8)N(C(C%17=CSC=C%17OC)=O)C(C(O)=O)N%16C(C%18=CSC=C%18OC)=O,0.7969321827875245,0.5862467680421382
186,C12=C(C=CN2C3=NC=CC4=C3C=CC=C4)C=CC=C1,C=CCC1=CC=CC=C1,C6=CC(C=CC=C7)=C7C=C6[C@H]1[C@H](C8=CC(C=CC=C9)=C9C=C8)N(C(C2=C(Cl)C=CC=C2)=O)C(C(O)=O)N1C(C1=CC=CC=C1Cl)=O,0.9230757826608683,0.6517213922196221
187,C12=C(C=CN2C3=NC=CC4=C3C=CC=C4)C=CC=C1,C=CCC1=CC=CC=C1,C6=CC(C=CC=C7)=C7C=C6[C@H]1[C@H](C8=CC(C=CC=C9)=C9C=C8)N(C(C2=CC(C)=C(C)C=C2)=O)C(C(O)=O)N1C(C1=CC=C(C)C(C)=C1)=O,1.4623823409823653,0.8434467437070748
188,C12=C(C=CN2C3=NC=CC4=C3C=CC=C4)C=CC=C1,C=CCC1=CC=CC=C1,C6=CC(C=CC=C7)=C7C=C6[C@H]%13[C@H](C8=CC(C=CC=C9)=C9C=C8)N(C(C%14=C(F)C=CS%14)=O)C(C(O)=O)N%13C(C%15=C(F)C=CS%15)=O,0.9638532545963137,0.671058619510558
189,C12=C(C=CN2C3=NC=CC4=C3C=CC=C4)C=CC=C1,C=CCC1=CC=CC=C1,C6=CC(C=CC=C7)=C7C=C6[C@H]1[C@H](C8=CC(C=CC=C9)=C9C=C8)N(C(C2=C(C)OC(C3=CC=CC=C3)=C2)=O)C(C(O)=O)N1C(C1=C(C)OC(C2=CC=CC=C2)=C1)=O,1.2468250724906953,0.7822927678602742
190,C12=C(C=CN2C3=NC=CC4=C3C=CC=C4)C=CC=C1,C=CCC1=CC=CC=C1,C6=CC(C=CC=C7)=C7C=C6[C@H]1[C@H](C8=CC(C=CC=C9)=C9C=C8)N(C(C2=CC=C(Cl)S2)=O)C(C(O)=O)N1C(C1=CC=C(Cl)S1)=O,1.342523735862202,0.8116821948489704
191,C12=C(C=CN2C3=NC=CC4=C3C=CC=C4)C=CC=C1,C=CCC1=CC=CC=C1,C6=CC(C=CC=C7)=C7C=C6[C@H]%36[C@H](C8=CC(C=CC=C9)=C9C=C8)N(C(C%37=CC=C(C)C=C%37)=O)C(C(O)=O)N%36C(C%38=CC=C(C)C=C%38)=O,1.09614107501491,0.727880211721882
192,C12=C(C=CN2C3=NC=CC4=C3C=CC=C4)C=CC=C1,C=CCC1=CC=CC=C1,C6=CC(C=CC=C7)=C7C=C6[C@H]4[C@H](C8=CC(C=CC=C9)=C9C=C8)N(C(C5=CC=CS5)=O)C(C(O)=O)N4C(C6=CC=CS6)=O,1.0162719062419963,0.6946378604457462
193,C12=C(C=CN2C3=NC=CC4=C3C=CC=C4)C=CC=C1,C=CCC1=CC=CC=C1,C6=CC(C=CC=C7)=C7C=C6[C@H]1[C@H](C8=CC(C=CC=C9)=C9C=C8)N(C(C2=C(F)C=CC=C2)=O)C(C(O)=O)N1C(C1=CC=CC=C1F)=O,0.6774175684021777,0.5162107968342728
194,C12=C(C=CN2C3=NC=CC4=C3C=CC=C4)C=CC=C1,C=CCC1=CC=CC=C1,C6=CC(C=CC=C7)=C7C=C6[C@H]1[C@H](C8=CC(C=CC=C9)=C9C=C8)N(C(C2=C([N+]([O-])=O)C=CC=C2)=O)C(C(O)=O)N1C(C1=CC=CC=C1[N+]([O-])=O)=O,0.8820360230626852,0.6313651071658996
195,C12=C(C=CN2C3=NC=CC4=C3C=CC=C4)C=CC=C1,C=CCC1=CC=CC=C1,C6=CC(C=CC=C7)=C7C=C6[C@H]1[C@H](C8=CC(C=CC=C9)=C9C=C8)N(C(C2=COC=C2C)=O)C(C(O)=O)N1C(C1=COC=C1C)=O,0.79098262274878,0.5829447924530985
196,C12=C(C=CN2C3=NC=CC4=C3C=CC=C4)C=CC=C1,C=CCC1=CC=CC=C1,C6=CC(C=CC=C7)=C7C=C6[C@H]1[C@H](C8=CC(C=CC=C9)=C9C=C8)N(C(C2=C(OC)C=CC=C2)=O)C(C(O)=O)N1C(C1=CC=CC=C1OC)=O,1.154355490301634,0.7501452816841524
197,C12=C(C=CN2C3=NC=CC4=C3C=CC=C4)C=CC=C1,C=CCC1=CC=CC=C1,C6=CC(C=CC=C7)=C7C=C6[C@H]1[C@H](C8=CC(C=CC=C9)=C9C=C8)N(C(C2=C(C)C(C=CC=C3)=C3O2)=O)C(C(O)=O)N1C(C1=C(C)C2=C(C=CC=C2)O1)=O,1.2400004154508124,0.7800499772218236
198,C12=C(C=CN2C3=NC=CC4=C3C=CC=C4)C=CC=C1,C=CCC1=CC=CC=C1,C6=CC(C=CC=C7)=C7C=C6[C@H]%68[C@H](C8=CC(C=CC=C9)=C9C=C8)N(C(C%69=CC=C(OC)C=C%69)=O)C(C(O)=O)N%68C(C%70=CC=C(OC)C=C%70)=O,1.384282900799286,0.823356063286837
199,C12=C(C=CN2C3=NC=CC4=C3C=CC=C4)C=CC=C1,C=CCC1=CC=CC=C1,C6=CC(C=CC=C7)=C7C=C6[C@H]1[C@H](C8=CC(C=CC=C9)=C9C=C8)N(C(C2=COC(C)=C2)=O)C(C(O)=O)N1C(C1=COC(C)=C1)=O,1.043175160891891,0.7061919401781867
200,C12=C(C=CN2C3=NC=CC4=C3C=CC=C4)C=CC=C1,C=CCC1=CC=CC=C1,C6=CC(C=CC=C7)=C7C=C6[C@H]%56[C@H](C8=CC(C=CC=C9)=C9C=C8)N(C(C%57=CC=CC(Cl)=C%57)=O)C(C(O)=O)N%56C(C%58=CC(Cl)=CC=C%58)=O,1.4499316186435418,0.8403901684056968
201,C12=C(C=CN2C3=NC=CC4=C3C=CC=C4)C=CC=C1,C=CCC1=CC=CC=C1,C6=CC(C=CC=C7)=C7C=C6[C@H]1[C@H](C8=CC(C=CC=C9)=C9C=C8)N(C(C2=C(C)C=CS2)=O)C(C(O)=O)N1C(C1=C(C)C=CS1)=O,0.9115633800034446,0.6461022067672302
202,C12=C(C=CN2C3=NC=CC4=C3C=CC=C4)C=CC=C1,C=CCC1=CC=CC=C1,C6=CC(C=CC=C7)=C7C=C6[C@H]%89[C@H](C8=CC(C=CC=C9)=C9C=C8)N(C(C%90=CC=CC(C(C)(C)C)=C%90)=O)C(C(O)=O)N%89C(C%91=CC(C(C)(C)C)=CC=C%91)=O,0.9128450115240404,0.6467312724677415
203,C12=C(C=CN2C3=NC=CC4=C3C=CC=C4)C=CC=C1,C=CCC1=CC=CC=C1,C6=CC(C=CC=C7)=C7C=C6[C@H]1[C@H](C8=CC(C=CC=C9)=C9C=C8)N(C(C2=C(C#N)C=CC=C2)=O)C(C(O)=O)N1C(C1=CC=CC=C1C#N)=O,0.9638438180088003,0.6710542460124952
204,C12=C(C=CN2C3=NC=CC4=C3C=CC=C4)C=CC=C1,C=CCC1=CC=CC=C1,C6=CC(C=CC=C7)=C7C=C6[C@H]1[C@H](C8=CC(C=CC=C9)=C9C=C8)N(C(C2=C(C)OC(C)=C2)=O)C(C(O)=O)N1C(C1=C(C)OC(C)=C1)=O,1.2022625424889264,0.7672797088634823
205,C12=C(C=CN2C3=NC=CC4=C3C=CC=C4)C=CC=C1,C=CCC1=CC=CC=C1,C6=CC(C=CC=C7)=C7C=C6[C@H]%59[C@H](C8=CC(C=CC=C9)=C9C=C8)N(C(C%60=CC=CC(Br)=C%60)=O)C(C(O)=O)N%59C(C%61=CC(Br)=CC=C%61)=O,0.8190307658354172,0.5983418884065175
206,C12=C(C=CN2C3=NC=CC4=C3C=CC=C4)C=CC=C1,C=CCC1=CC=CC=C1,C6=CC(C=CC=C7)=C7C=C6[C@H]1[C@H](C8=CC(C=CC=C9)=C9C=C8)N(C(CCCCC)=O)C(C(O)=O)N1C(CCCCC)=O,1.2470575983667354,0.7823688281603103
207,C12=C(C=CN2C3=NC=CC4=C3C=CC=C4)C=CC=C1,C=CCC1=CC=CC=C1,C6=CC(C=CC=C7)=C7C=C6[C@H]1[C@H](C8=CC(C=CC=C9)=C9C=C8)N(C(C2=C(I)C=CC=C2)=O)C(C(O)=O)N1C(C1=CC=CC=C1I)=O,0.6749507131978939,0.5146834882886863
208,C12=C(C=CN2C3=NC=CC4=C3C=CC=C4)C=CC=C1,C=CCC1=CC=CC=C1,C6=CC(C=CC=C7)=C7C=C6[C@H]1[C@H](C8=CC(C=CC=C9)=C9C=C8)N(C(C2=C(Cl)SC(Cl)=C2)=O)C(C(O)=O)N1C(C1=C(Cl)SC(Cl)=C1)=O,0.6904067166079979,0.5241986908275607
209,C12=C(C=CN2C3=NC=CC4=C3C=CC=C4)C=CC=C1,C=CCC1=CC=CC=C1,C6=CC(C=CC=C7)=C7C=C6[C@H]1[C@H](C8=CC(C=CC=C9)=C9C=C8)N(C(C2=CC(C)=CS2)=O)C(C(O)=O)N1C(C1=CC(C)=CS1)=O,0.8898267506918982,0.6352990084733211
210,C12=C(C=CN2C3=NC=CC4=C3C=CC=C4)C=CC=C1,C=CCC1=CC=CC=C1,C6=CC(C=CC=C7)=C7C=C6[C@H]1[C@H](C8=CC(C=CC=C9)=C9C=C8)N(C(C2=C(C)C=CC=C2)=O)C(C(O)=O)N1C(C1=CC=CC=C1C)=O,0.896865493639574,0.6388250811422802
211,C12=C(C=CN2C3=NC=CC4=C3C=CC=C4)C=CC=C1,C=CCC1=CC=CC=C1,C6=CC(C=CC=C7)=C7C=C6[C@H]%74[C@H](C8=CC(C=CC=C9)=C9C=C8)N(C(C%75=CC=C(C#N)C=C%75)=O)C(C(O)=O)N%74C(C%76=CC=C(C#N)C=C%76)=O,0.990503851805979,0.6832245913106748
212,C12=C(C=CN2C3=NC=CC4=C3C=CC=C4)C=CC=C1,C=CCC1=CC=CC=C1,C6=CC(C=CC=C7)=C7C=C6[C@H]1[C@H](C8=CC(C=CC=C9)=C9C=C8)N(C(C2=C(Br)C=CC=C2)=O)C(C(O)=O)N1C(C1=CC=CC=C1Br)=O,0.9835317404175687,0.6800775528151463
213,C12=C(C=CN2C3=NC=CC4=C3C=CC=C4)C=CC=C1,C=CCC1=CC=CC=C1,C6=CC(C=CC=C7)=C7C=C6[C@H]%71[C@H](C8=CC(C=CC=C9)=C9C=C8)N(C(C%72=CC=CC(C#N)=C%72)=O)C(C(O)=O)N%71C(C%73=CC(C#N)=CC=C%73)=O,1.059375666196164,0.7129734387077685
214,C12=C(C=CN2C3=NC=CC4=C3C=CC=C4)C=CC=C1,C=CCC1=CC=CC=C1,C6=CC(C=CC=C7)=C7C=C6[C@H]1[C@H](C8=CC(C=CC=C9)=C9C=C8)N(C(C2=CSC=C2Br)=O)C(C(O)=O)N1C(C1=CSC=C1Br)=O,1.2402396315110447,0.7801289322266498
215,C12=C(C=CN2C3=NC=CC4=C3C=CC=C4)C=CC=C1,C=CCC1=CC=CC=C1,C6=CC(C=CC=C7)=C7C=C6[C@H]1[C@H](C8=CC(C=CC=C9)=C9C=C8)N(C(C2=CC(C)=CC(C)=C2)=O)C(C(O)=O)N1C(C1=CC(C)=CC(C)=C1)=O,1.465498953650232,0.8442034276111228
216,C12=C(C=CN2C3=NC=CC4=C3C=CC=C4)C=CC=C1,C=CCC1=CC=CC=C1,C6=CC(C=CC=C7)=C7C=C6[C@H]1[C@H](C8=CC(C=CC=C9)=C9C=C8)N(C(C2=C(C3=CC=CC=C3)C=CC=C2)=O)C(C(O)=O)N1C(C1=CC=CC=C1C1=CC=CC=C1)=O,0.6943206270258336,0.5265877525040191
217,C12=C(C=CN2C3=NC=CC4=C3C=CC=C4)C=CC=C1,C=CCC1=CC=CC=C1,C6=CC(C=CC=C7)=C7C=C6[C@H]1[C@H](C8=CC(C=CC=C9)=C9C=C8)N(C(C2=COC3=C2C=CC=C3)=O)C(C(O)=O)N1C(C1=COC2=C1C=CC=C2)=O,1.2001463135344832,0.7665448597717439
218,C12=C(C=CN2C3=NC=CC4=C3C=CC=C4)C=CC=C1,C=CCC1=CC=CC=C1,C6=CC(C=CC=C7)=C7C=C6[C@H]%53[C@H](C8=CC(C=CC=C9)=C9C=C8)N(C(C%54=CC=CC(F)=C%54)=O)C(C(O)=O)N%53C(C%55=CC(F)=CC=C%55)=O,1.1104504588443886,0.7335033404452431
219,C12=C(C=CN2C3=NC=CC4=C3C=CC=C4)C=CC=C1,C=CCC1=CC=CC=C1,C6=CC(C=CC=C7)=C7C=C6[C@H]1[C@H](C8=CC(C=CC=C9)=C9C=C8)N(C(C2=CC(C(F)(F)F)=CC(C(F)(F)F)=C2)=O)C(C(O)=O)N1C(C1=CC(C(F)(F)F)=CC(C(F)(F)F)=C1)=O,1.3143965675530445,0.8034339944457859
220,C12=C(C=CN2C3=NC=CC4=C3C=CC=C4)C=CC=C1,C=CCC1=CC=CC=C1,C6=CC(C=CC=C7)=C7C=C6[C@H]%42[C@H](C8=CC(C=CC=C9)=C9C=C8)N(C(C%43=CC=C(C(C)C)C=C%43)=O)C(C(O)=O)N%42C(C%44=CC=C(C(C)C)C=C%44)=O,1.2307472157428696,0.7769767701578336
221,C12=C(C=CN2C3=NC=CC4=C3C=CC=C4)C=CC=C1,C=CCC1=CC=CC=C1,C6=CC(C=CC=C7)=C7C=C6[C@H]1[C@H](C8=CC(C=CC=C9)=C9C=C8)N(C(C2=C(C3=CC=CC=C3)OC(C)=C2)=O)C(C(O)=O)N1C(C1=C(C2=CC=CC=C2)OC(C)=C1)=O,0.8037569425197537,0.5900106292693975
222,C12=C(C=CN2C3=NC=CC4=C3C=CC=C4)C=CC=C1,C=CCC1=CC=CC=C1,C6=CC(C=CC=C7)=C7C=C6[C@H]1[C@H](C8=CC(C=CC=C9)=C9C=C8)N(C(C2=C(C=CC=C3)C3=CC=C2)=O)C(C(O)=O)N1C(C1=CC=CC2=C1C=CC=C2)=O,0.9729707440915092,0.6752624363782721
223,C12=C(C=CN2C3=NC=CC4=C3C=CC=C4)C=CC=C1,C=CCC1=CC=CC=C1,C6=CC(C=CC=C7)=C7C=C6[C@H]1[C@H](C8=CC(C=CC=C9)=C9C=C8)N(C(C2=CC(C)=C(C)O2)=O)C(C(O)=O)N1C(C1=CC(C)=C(C)O1)=O,1.198222763282333,0.765875171070935
224,C12=C(C=CN2C3=NC=CC4=C3C=CC=C4)C=CC=C1,C=CCC1=CC=CC=C1,C6=CC(C=CC=C7)=C7C=C6[C@H]%77[C@H](C8=CC(C=CC=C9)=C9C=C8)N(C(C%78=CC=CC([N+]([O-])=O)=C%78)=O)C(C(O)=O)N%77C(C%79=CC([N+]([O-])=O)=CC=C%79)=O,1.2854931911668919,0.7946243454251373
225,C12=C(C=CN2C3=NC=CC4=C3C=CC=C4)C=CC=C1,C=CCC1=CC=CC=C1,C6=CC(C=CC=C7)=C7C=C6[C@H]%62[C@H](C8=CC(C=CC=C9)=C9C=C8)N(C(C%63=CC=CC(I)=C%63)=O)C(C(O)=O)N%62C(C%64=CC(I)=CC=C%64)=O,1.1057779917521762,0.7316781058495732
226,C12=C(C=CN2C3=NC=CC4=C3C=CC=C4)C=CC=C1,C=CCC1=CC=CC=C1,C6=CC(C=CC=C7)=C7C=C6[C@H]1[C@H](C8=CC(C=CC=C9)=C9C=C8)N(C(C2=COC=C2)=O)C(C(O)=O)N1C(C1=COC=C1)=O,1.3340465275241273,0.8092294793987934
227,C12=C(C=CN2C3=NC=CC4=C3C=CC=C4)C=CC=C1,C=CCC1=CC=CC=C1,C6=CC(C=CC=C7)=C7C=C6[C@H]1[C@H](C8=CC(C=CC=C9)=C9C=C8)N(C(C2=CC(CCCC3)=C3S2)=O)C(C(O)=O)N1C(C1=CC2=C(CCCC2)S1)=O,1.0321481000778892,0.7015005550587234
228,C12=C(C=CN2C3=NC=CC4=C3C=CC=C4)C=CC=C1,C=CCC1=CC=CC=C1,C6=CC(C=CC=C7)=C7C=C6[C@H]1[C@H](C8=CC(C=CC=C9)=C9C=C8)N(C(C2=CC(C=CC=C3)=C3O2)=O)C(C(O)=O)N1C(C1=CC2=C(C=CC=C2)O1)=O,1.5116079160791007,0.8550132178168621
229,C12=C(C=CN2C3=NC=CC4=C3C=CC=C4)C=CC=C1,C=CCC1=CC=CC=C1,C6=CC(C=CC=C7)=C7C=C6[C@H]1[C@H](C8=CC(C=CC=C9)=C9C=C8)N(C(C2=C(C(C)C)C=CC=C2)=O)C(C(O)=O)N1C(C1=CC=CC=C1C(C)C)=O,0.7086962593003785,0.5352914824838017
230,C12=C(C=CN2C3=NC=CC4=C3C=CC=C4)C=CC=C1,C=CCC1=CC=CC=C1,C6=CC(C=CC=C7)=C7C=C6[C@H]1[C@H](C8=CC(C=CC=C9)=C9C=C8)N(C(C2=CC=C(C)O2)=O)C(C(O)=O)N1C(C1=CC=C(C)O1)=O,1.454011989603011,0.8413978309222229
231,C12=C(C=CN2C3=NC=CC4=C3C=CC=C4)C=CC=C1,C=CCC1=CC=CC=C1,C6=CC(C=CC=C7)=C7C=C6[C@H]1[C@H](C8=CC(C=CC=C9)=C9C=C8)N(C(C2=CC=C(Br)S2)=O)C(C(O)=O)N1C(C1=CC=C(Br)S1)=O,1.22601420986933,0.7753903555418963
232,C12=C(C=CN2C3=NC=CC4=C3C=CC=C4)C=CC=C1,C=CCC1=CC=CC=C1,C6=CC(C=CC=C7)=C7C=C6[C@H]1[C@H](C8=CC(C=CC=C9)=C9C=C8)N(C(C2=CC=C(C)S2)=O)C(C(O)=O)N1C(C1=CC=C(C)S1)=O,1.5341127112862771,0.860034462004851
233,C12=C(C=CN2C3=NC=CC4=C3C=CC=C4)C=CC=C1,C=CCC1=CC=CC=C1,C6=CC(C=CC=C7)=C7C=C6[C@H]1[C@H](C8=CC(C=CC=C9)=C9C=C8)N(C(C2=CC=C(C=CC=C3)C3=C2)=O)C(C(O)=O)N1C(C1=CC(C=CC=C2)=C2C=C1)=O,1.4928445425703045,0.8507003550104337
234,C12=C(C=CN2C3=NC=CC4=C3C=CC=C4)C=CC=C1,C=CCC1=CC=CC=C1,C6=CC(C=CC=C7)=C7C=C6[C@H]%83[C@H](C8=CC(C=CC=C9)=C9C=C8)N(C(C%84=CC=CC(CC)=C%84)=O)C(C(O)=O)N%83C(C%85=CC(CC)=CC=C%85)=O,1.1883667177440096,0.762417573431864
235,C12=C(C=CN2C3=NC=CC4=C3C=CC=C4)C=CC=C1,C=CCC1=CC=CC=C1,C6=CC(C=CC=C7)=C7C=C6[C@H]1[C@H](C8=CC(C=CC=C9)=C9C=C8)N(C(C2=C(Br)C=CS2)=O)C(C(O)=O)N1C(C1=C(Br)C=CS1)=O,1.0281705422201783,0.6997932352905177
236,C12=C(C=CN2C3=NC=CC4=C3C=CC=C4)C=CC=C1,C=CCC1=CC=CC=C1,C6=CC(C=CC=C7)=C7C=C6[C@H]%24[C@H](C8=CC(C=CC=C9)=C9C=C8)N(C(C%25=CC=C(Br)C=C%25)=O)C(C(O)=O)N%24C(C%26=CC=C(Br)C=C%26)=O,1.3244457907647333,0.8064172184752033
237,C12=C(C=CN2C3=NC=CC4=C3C=CC=C4)C=CC=C1,C=CCC1=CC=CC=C1,C6=CC(C=CC=C7)=C7C=C6[C@H]%65[C@H](C8=CC(C=CC=C9)=C9C=C8)N(C(C%66=CC=CC(C(F)(F)F)=C%66)=O)C(C(O)=O)N%65C(C%67=CC(C(F)(F)F)=CC=C%67)=O,0.9900215907881481,0.68300772215836
238,C12=C(C=CN2C3=NC=CC4=C3C=CC=C4)C=CC=C1,C=CCC1=CC=CC=C1,C6=CC(C=CC=C7)=C7C=C6[C@H]1[C@H](C8=CC(C=CC=C9)=C9C=C8)N(C(C2=CC=C(C#N)O2)=O)C(C(O)=O)N1C(C1=CC=C(C#N)O1)=O,1.1941332838042273,0.764445870347009
239,C12=C(C=CN2C3=NC=CC4=C3C=CC=C4)C=CC=C1,C=CCC1=CC=CC=C1,C6=CC(C=CC=C7)=C7C=C6[C@H]1[C@H](C8=CC(C=CC=C9)=C9C=C8)N(C(CC2=CC=CC=C2)=O)C(C(O)=O)N1C(CC1=CC=CC=C1)=O,1.0903589775813842,0.7255798242054465
240,C12=C(C=CN2C3=NC=CC4=C3C=CC=C4)C=CC=C1,C=CCC1=CC=CC=C1,C6=CC(C=CC=C7)=C7C=C6[C@H]1[C@H](C8=CC(C=CC=C9)=C9C=C8)N(C(C2=CSC(C)=C2)=O)C(C(O)=O)N1C(C1=CSC(C)=C1)=O,1.106115750177895,0.7318103999344344
241,C12=C(C=CN2C3=NC=CC4=C3C=CC=C4)C=CC=C1,C=CCC1=CC=CC=C1,C6=CC(C=CC=C7)=C7C=C6[C@H]1[C@H](C8=CC(C=CC=C9)=C9C=C8)N(C(C2=CC=C(C3=CC=CC=C3)O2)=O)C(C(O)=O)N1C(C1=CC=C(C2=CC=CC=C2)O1)=O,1.4803055827800555,0.8477527783176833
242,C12=C(C=CN2C3=NC=CC4=C3C=CC=C4)C=CC=C1,C=CCC1=CC=CC=C1,C6=CC(C=CC=C7)=C7C=C6[C@H]%21[C@H](C8=CC(C=CC=C9)=C9C=C8)N(C(C%22=CC=C(Cl)C=C%22)=O)C(C(O)=O)N%21C(C%23=CC=C(Cl)C=C%23)=O,1.3332224483933872,0.8089895301047266
243,C12=C(C=CN2C3=NC=CC4=C3C=CC=C4)C=CC=C1,C=CCC1=CC=CC=C1,C6=CC(C=CC=C7)=C7C=C6[C@H]%86[C@H](C8=CC(C=CC=C9)=C9C=C8)N(C(C%87=CC=CC(C(C)C)=C%87)=O)C(C(O)=O)N%86C(C%88=CC(C(C)C)=CC=C%88)=O,1.117549715109415,0.736256446790101
244,C12=C(C=CN2C3=NC=CC4=C3C=CC=C4)C=CC=C1,C=CCC1=CC=CC=C1,C6=CC(C=CC=C7)=C7C=C6[C@H]%97[C@H](C8=CC(C=CC=C9)=C9C=C8)N(C(C%98=CC=CC(OC)=C%98)=O)C(C(O)=O)N%97C(C%99=CC(OC)=CC=C%99)=O,1.1686517906132774,0.7553687219164469
245,C12=C(C=CN2C3=NC=CC4=C3C=CC=C4)C=CC=C1,C=CCC1=CC=CC=C1,C6=CC(C=CC=C7)=C7C=C6[C@H]1[C@H](C8=CC(C=CC=C9)=C9C=C8)N(C(C2=C(C(C)(C)C)C=CC=C2)=O)C(C(O)=O)N1C(C1=CC=CC=C1C(C)(C)C)=O,0.5088311742064178,0.40450002071723146
246,C12=C(C=CN2C3=NC=CC4=C3C=CC=C4)C=CC=C1,C=CCC1=CC=CC=C1,C6=CC(C=CC=C7)=C7C=C6[C@H]1[C@H](C8=CC(C=CC=C9)=C9C=C8)N(C(C2=C(C)C=CO2)=O)C(C(O)=O)N1C(C1=C(C)C=CO1)=O,1.6541257790501283,0.884193069356979
247,C12=C(C=CN2C3=NC=CC4=C3C=CC=C4)C=CC=C1,C=CCC1=CC=CC=C1,C6=CC(C=CC=C7)=C7C=C6[C@H]%27[C@H](C8=CC(C=CC=C9)=C9C=C8)N(C(C%28=CC=C(I)C=C%28)=O)C(C(O)=O)N%27C(C%29=CC=C(I)C=C%29)=O,1.281580543324313,0.7934052629006231
248,C12=C(C=CN2C3=NC=CC4=C3C=CC=C4)C=CC=C1,C=CCC1=CC=CC=C1,C6=CC(C=CC=C7)=C7C=C6[C@H]7[C@H](C8=CC(C=CC=C9)=C9C=C8)N(C(C8=CC=CC=C8)=O)C(C(O)=O)N7C(C9=CC=CC=C9)=O,1.0512727367196473,0.7095980013751529
249,C12=C(C=CN2C3=NC=CC4=C3C=CC=C4)C=CC=C1,C=CCC1=CC=CC=C1,C6=CC(C=CC=C7)=C7C=C6[C@H]1[C@H](C8=CC(C=CC=C9)=C9C=C8)N(C(C2=CSC3=C2C=CC=C3)=O)C(C(O)=O)N1C(C1=CSC2=C1C=CC=C2)=O,0.714564538484409,0.538812202123315
250,C12=C(C=CN2C3=NC=CC4=C3C=CC=C4)C=CC=C1,C=CCC1=CC=CC=C1,C6=CC(C=CC=C7)=C7C=C6[C@H]%48[C@H](C8=CC(C=CC=C9)=C9C=C8)N(C(C%49=CC=C(C%50=CC=CC=C%50)C=C%49)=O)C(C(O)=O)N%48C(C%51=CC=C(C%52=CC=CC=C%52)C=C%51)=O,1.3244873966949522,0.8064294852161247
251,C12=C(C=CN2C3=NC=CC4=C3C=CC=C4)C=CC=C1,C=CCC1=CC=CC=C1,C6=CC(C=CC=C7)=C7C=C6[C@H]1[C@H](C8=CC(C=CC=C9)=C9C=C8)N(C(C2=C(C(F)(F)F)C=CC=C2)=O)C(C(O)=O)N1C(C1=CC=CC=C1C(F)(F)F)=O,1.0392820797590314,0.704542666195971
252,C12=C(C=CN2C3=NC=CC4=C3C=CC=C4)C=CC=C1,C=CCC1=CC=CC=C1,C6=CC(C=CC=C7)=C7C=C6[C@H]1[C@H](C8=CC(C=CC=C9)=C9C=C8)N(C(C2=CC=C([N+]([O-])=O)O2)=O)C(C(O)=O)N1C(C1=CC=C([N+]([O-])=O)O1)=O,1.5465277128943076,0.8627351994756327
253,C12=C(C=CN2C3=NC=CC4=C3C=CC=C4)C=CC=C1,C=CCC1=CC=CC=C1,C6=CC(C=CC=C7)=C7C=C6[C@H]1[C@H](C8=CC(C=CC=C9)=C9C=C8)N(C(C2=COC(Br)=C2)=O)C(C(O)=O)N1C(C1=COC(Br)=C1)=O,1.1958934604886904,0.7650619885387746
254,C12=C(C=CN2C3=NC=CC4=C3C=CC=C4)C=CC=C1,C=CCC1=CC=CC=C1,C6=CC(C=CC=C7)=C7C=C6[C@H]1[C@H](C8=CC(C=CC=C9)=C9C=C8)N(C(C2=C(Br)SC=C2)=O)C(C(O)=O)N1C(C1=C(Br)SC=C1)=O,0.6334022738775581,0.4884700460310073
255,C12=C(C=CN2C3=NC=CC4=C3C=CC=C4)C=CC=C1,C=CCC1=CC=CC=C1,C6=CC(C=CC=C7)=C7C=C6[C@H]1[C@H](C8=CC(C=CC=C9)=C9C=C8)N(C(C2=CC(C(C)(C)C)=CC(C(C)(C)C)=C2)=O)C(C(O)=O)N1C(C1=CC(C(C)(C)C)=CC(C(C)(C)C)=C1)=O,1.2116446426484502,0.7705134411209323
256,C12=C(C=CN2C3=NC=CC4=C3C=CC=C4)C=CC=C1,C=CCC1=CC=CC=C1,C6=CC(C=CC=C7)=C7C=C6[C@H]1[C@H](C8=CC(C=CC=C9)=C9C=C8)N(C(C2=C(C)OC=C2)=O)C(C(O)=O)N1C(C1=C(C)OC=C1)=O,0.9552888870771344,0.6670701255577408
257,C12=C(C=CN2C3=NC=CC4=C3C=CC=C4)C=CC=C1,C=CCC1=CC=CC=C1,C6=CC(C=CC=C7)=C7C=C6[C@H]1[C@H](C8=CC(C=CC=C9)=C9C=C8)N(C(C2=C(C(F)(F)F)OC(C)=C2)=O)C(C(O)=O)N1C(C1=C(C(F)(F)F)OC(C)=C1)=O,0.8749427481997557,0.6277548873863663
258,C12=C(C=CN2C3=NC=CC4=C3C=CC=C4)C=CC=C1,C=CCC1=CC=CC=C1,C6=CC(C=CC=C7)=C7C=C6[C@H]%30[C@H](C8=CC(C=CC=C9)=C9C=C8)N(C(C%31=CC=C(C(F)(F)F)C=C%31)=O)C(C(O)=O)N%30C(C%32=CC=C(C(F)(F)F)C=C%32)=O,1.095572104121606,0.7276545713024662
259,C12=C(C=CN2C3=NC=CC4=C3C=CC=C4)C=CC=C1,C=CCC1=CC=CC=C1,C6=CC(C=CC=C7)=C7C=C6[C@H]%92[C@H](C8=CC(C=CC=C9)=C9C=C8)N(C(C%93=CC=CC(C%94=CC=CC=C%94)=C%93)=O)C(C(O)=O)N%92C(C%95=CC(C%96=CC=CC=C%96)=CC=C%95)=O,1.3530228495203978,0.8146807143804827
260,C12=C(C=CN2C3=NC=CC4=C3C=CC=C4)C=CC=C1,C=CCC1=CC=CC=C1,C6=CC(C=CC=C7)=C7C=C6[C@H]%10[C@H](C8=CC(C=CC=C9)=C9C=C8)N(C(C%11=CSC=C%11)=O)C(C(O)=O)N%10C(C%12=CSC=C%12)=O,0.9645598434156577,0.6713859637985218
261,C12=C(C=CN2C3=NC=CC4=C3C=CC=C4)C=CC=C1,C=CCC1=CC=CC=C1,C6=CC(C=CC=C7)=C7C=C6[C@H]1[C@H](C8=CC(C=CC=C9)=C9C=C8)N(C(C2=C(CC)C=CC=C2)=O)C(C(O)=O)N1C(C1=CC=CC=C1CC)=O,0.9026137925132399,0.6416849427836213
262,C12=C(C=CN2C3=NC=CC4=C3C=CC=C4)C=CC=C1,C=CCC1=CC=CC=C1,C6=CC(C=CC=C7)=C7C=C6[C@H]%33[C@H](C8=CC(C=CC=C9)=C9C=C8)N(C(C%34=CC=C([N+]([O-])=O)C=C%34)=O)C(C(O)=O)N%33C(C%35=CC=C([N+]([O-])=O)C=C%35)=O,1.1631376409172194,0.7533652416174208
263,C12=C(C=CN2C3=NC=CC4=C3C=CC=C4)C=CC=C1,C=CCC1=CC=CC=C1,C6=CC(C=CC=C7)=C7C=C6[C@H]%39[C@H](C8=CC(C=CC=C9)=C9C=C8)N(C(C%40=CC=C(CC)C=C%40)=O)C(C(O)=O)N%39C(C%41=CC=C(CC)C=C%41)=O,1.0322887296536072,0.7015607718510778
264,C12=C(C=CN2C3=NC=CC4=C3C=CC=C4)C=CC=C1,C=CCC1=CC=CC=C1,C6=CC(C=CC=C7)=C7C=C6[C@H]%80[C@H](C8=CC(C=CC=C9)=C9C=C8)N(C(C%81=CC=CC(C)=C%81)=O)C(C(O)=O)N%80C(C%82=CC(C)=CC=C%82)=O,0.982397705115341,0.6795632908176134
265,C12=C(C=CN2C3=NC=CC4=C3C=CC=C4)C=CC=C1,C=CCC1=CC=CC=C1,C6=CC(C=CC=C7)=C7C=C6[C@H]1[C@H](C8=CC(C=CC=C9)=C9C=C8)N(C(C2=C(Br)C=CO2)=O)C(C(O)=O)N1C(C1=C(Br)C=CO1)=O,0.9339137384654792,0.6569468179493263
266,C12=C(C=CN2C3=NC=CC4=C3C=CC=C4)C=CC=C1,C=CCC1=CC=CC=C1,C6=CC(C=CC=C7)=C7C=C6[C@H]1[C@H](C8=CC(C=CC=C9)=C9C=C8)N(C(C2=CC(Br)=CS2)=O)C(C(O)=O)N1C(C1=CC(Br)=CS1)=O,1.3411310713347173,0.8112812032394362
267,C12=C(C=CN2C3=NC=CC4=C3C=CC=C4)C=CC=C1,C=CCC1=CC=CC=C1,C6=CC(C=CC=C7)=C7C=C6[C@H]1[C@H](C8=CC(C=CC=C9)=C9C=C8)N(C(C2=CC(C=CC=C3)=C3S2)=O)C(C(O)=O)N1C(C1=CC2=C(C=CC=C2)S1)=O,1.2488011720140932,0.7829384162500426
268,C12=C(C=CN2C3=NC=CC4=C3C=CC=C4)C=CC=C1,C=CCC1=CC=CC=C1,C6=CC(C=CC=C7)=C7C=C6[C@H]1[C@H](C8=CC(C=CC=C9)=C9C=C8)N(C(C2=C(Br)OC=C2)=O)C(C(O)=O)N1C(C1=C(Br)OC=C1)=O,0.7693159558600873,0.5707561936652159
269,C12=C(C=CN2C3=NC=CC4=C3C=CC=C4)C=CC=C1,C=CCC1=CC=CC=C1,C6=CC(C=CC=C7)=C7C=C6[C@H]1[C@H](C8=CC(C=CC=C9)=C9C=C8)N(C(C2=C(C)OC=C2C)=O)C(C(O)=O)N1C(C1=C(C)OC=C1C)=O,0.841909238663376,0.6105829075205274
270,C12=C(C=CN2C3=NC=CC4=C3C=CC=C4)C=CC=C1,C=CCC1=CC=CC=C1,C8(OC)=CC=CC=C8[C@H]1[C@H](C9=CC=CC=C9OC)N(C(C2=C(C(F)(F)F)OC=C2)=O)C(C(O)=O)N1C(C1=C(C(F)(F)F)OC=C1)=O,0.6868097653803509,0.5219958005880986
271,C12=C(C=CN2C3=NC=CC4=C3C=CC=C4)C=CC=C1,C=CCC1=CC=CC=C1,C8(OC)=CC=CC=C8[C@H]%45[C@H](C9=CC=CC=C9OC)N(C(C%46=CC=C(C(C)(C)C)C=C%46)=O)C(C(O)=O)N%45C(C%47=CC=C(C(C)(C)C)C=C%47)=O,0.868762367342384,0.624587116585278
272,C12=C(C=CN2C3=NC=CC4=C3C=CC=C4)C=CC=C1,C=CCC1=CC=CC=C1,C8(OC)=CC=CC=C8[C@H]1[C@H](C9=CC=CC=C9OC)N(C(C2=CC=CO2)=O)C(C(O)=O)N1C(C1=CC=CO1)=O,1.0153610324229245,0.694240226520531
273,C12=C(C=CN2C3=NC=CC4=C3C=CC=C4)C=CC=C1,C=CCC1=CC=CC=C1,C8(OC)=CC=CC=C8[C@H]1[C@H](C9=CC=CC=C9OC)N(C(C2=CC=C(F)C=C2)=O)C(C(O)=O)N1C(C3=CC=C(F)C=C3)=O,0.6000502541921072,0.4667667572673282
274,C12=C(C=CN2C3=NC=CC4=C3C=CC=C4)C=CC=C1,C=CCC1=CC=CC=C1,C8(OC)=CC=CC=C8[C@H]1[C@H](C9=CC=CC=C9OC)N(C(C2=CC=C(Cl)O2)=O)C(C(O)=O)N1C(C1=CC=C(Cl)O1)=O,1.1245124816223657,0.7389331544734641
275,C12=C(C=CN2C3=NC=CC4=C3C=CC=C4)C=CC=C1,C=CCC1=CC=CC=C1,C8(OC)=CC=CC=C8[C@H]%16[C@H](C9=CC=CC=C9OC)N(C(C%17=CSC=C%17OC)=O)C(C(O)=O)N%16C(C%18=CSC=C%18OC)=O,0.6466233217386456,0.4969112083117803
276,C12=C(C=CN2C3=NC=CC4=C3C=CC=C4)C=CC=C1,C=CCC1=CC=CC=C1,C8(OC)=CC=CC=C8[C@H]1[C@H](C9=CC=CC=C9OC)N(C(C2=C(Cl)C=CC=C2)=O)C(C(O)=O)N1C(C1=CC=CC=C1Cl)=O,0.5165810348442326,0.40995064580695095
277,C12=C(C=CN2C3=NC=CC4=C3C=CC=C4)C=CC=C1,C=CCC1=CC=CC=C1,C8(OC)=CC=CC=C8[C@H]1[C@H](C9=CC=CC=C9OC)N(C(C2=CC(C)=C(C)C=C2)=O)C(C(O)=O)N1C(C1=CC=C(C)C(C)=C1)=O,0.5874634983551775,0.4584254563556069
278,C12=C(C=CN2C3=NC=CC4=C3C=CC=C4)C=CC=C1,C=CCC1=CC=CC=C1,C8(OC)=CC=CC=C8[C@H]%13[C@H](C9=CC=CC=C9OC)N(C(C%14=C(F)C=CS%14)=O)C(C(O)=O)N%13C(C%15=C(F)C=CS%15)=O,0.7379947584317768,0.5526825399859402
279,C12=C(C=CN2C3=NC=CC4=C3C=CC=C4)C=CC=C1,C=CCC1=CC=CC=C1,C8(OC)=CC=CC=C8[C@H]1[C@H](C9=CC=CC=C9OC)N(C(C2=C(C)OC(C3=CC=CC=C3)=C2)=O)C(C(O)=O)N1C(C1=C(C)OC(C2=CC=CC=C2)=C1)=O,0.9790557391502888,0.6780438864738824
280,C12=C(C=CN2C3=NC=CC4=C3C=CC=C4)C=CC=C1,C=CCC1=CC=CC=C1,C8(OC)=CC=CC=C8[C@H]1[C@H](C9=CC=CC=C9OC)N(C(C2=CC=C(Cl)S2)=O)C(C(O)=O)N1C(C1=CC=C(Cl)S1)=O,1.0284509007800318,0.6999138388153031
281,C12=C(C=CN2C3=NC=CC4=C3C=CC=C4)C=CC=C1,C=CCC1=CC=CC=C1,C8(OC)=CC=CC=C8[C@H]%36[C@H](C9=CC=CC=C9OC)N(C(C%37=CC=C(C)C=C%37)=O)C(C(O)=O)N%36C(C%38=CC=C(C)C=C%38)=O,0.8372188011801335,0.6080965671582738
282,C12=C(C=CN2C3=NC=CC4=C3C=CC=C4)C=CC=C1,C=CCC1=CC=CC=C1,C8(OC)=CC=CC=C8[C@H]4[C@H](C9=CC=CC=C9OC)N(C(C5=CC=CS5)=O)C(C(O)=O)N4C(C6=CC=CS6)=O,0.9394330703277658,0.6595839335846234
283,C12=C(C=CN2C3=NC=CC4=C3C=CC=C4)C=CC=C1,C=CCC1=CC=CC=C1,C8(OC)=CC=CC=C8[C@H]1[C@H](C9=CC=CC=C9OC)N(C(C2=C(F)C=CC=C2)=O)C(C(O)=O)N1C(C1=CC=CC=C1F)=O,0.9445611048761611,0.6620196246270394
284,C12=C(C=CN2C3=NC=CC4=C3C=CC=C4)C=CC=C1,C=CCC1=CC=CC=C1,C8(OC)=CC=CC=C8[C@H]1[C@H](C9=CC=CC=C9OC)N(C(C2=C([N+]([O-])=O)C=CC=C2)=O)C(C(O)=O)N1C(C1=CC=CC=C1[N+]([O-])=O)=O,0.6064206218690593,0.47095712964016223
285,C12=C(C=CN2C3=NC=CC4=C3C=CC=C4)C=CC=C1,C=CCC1=CC=CC=C1,C8(OC)=CC=CC=C8[C@H]1[C@H](C9=CC=CC=C9OC)N(C(C2=COC=C2C)=O)C(C(O)=O)N1C(C1=COC=C1C)=O,0.5536826955192816,0.43563763452096294
286,C12=C(C=CN2C3=NC=CC4=C3C=CC=C4)C=CC=C1,C=CCC1=CC=CC=C1,C8(OC)=CC=CC=C8[C@H]1[C@H](C9=CC=CC=C9OC)N(C(C2=C(OC)C=CC=C2)=O)C(C(O)=O)N1C(C1=CC=CC=C1OC)=O,0.8215858102971336,0.5997231184816116
287,C12=C(C=CN2C3=NC=CC4=C3C=CC=C4)C=CC=C1,C=CCC1=CC=CC=C1,C8(OC)=CC=CC=C8[C@H]1[C@H](C9=CC=CC=C9OC)N(C(C2=C(C)C(C=CC=C3)=C3O2)=O)C(C(O)=O)N1C(C1=C(C)C2=C(C=CC=C2)O1)=O,0.8437268556981168,0.6115431820331441
288,C12=C(C=CN2C3=NC=CC4=C3C=CC=C4)C=CC=C1,C=CCC1=CC=CC=C1,C8(OC)=CC=CC=C8[C@H]%68[C@H](C9=CC=CC=C9OC)N(C(C%69=CC=C(OC)C=C%69)=O)C(C(O)=O)N%68C(C%70=CC=C(OC)C=C%70)=O,0.8720399903539781,0.6262696455842596
289,C12=C(C=CN2C3=NC=CC4=C3C=CC=C4)C=CC=C1,C=CCC1=CC=CC=C1,C8(OC)=CC=CC=C8[C@H]1[C@H](C9=CC=CC=C9OC)N(C(C2=COC(C)=C2)=O)C(C(O)=O)N1C(C1=COC(C)=C1)=O,0.7836248040472584,0.5788344529508886
290,C12=C(C=CN2C3=NC=CC4=C3C=CC=C4)C=CC=C1,C=CCC1=CC=CC=C1,C8(OC)=CC=CC=C8[C@H]%56[C@H](C9=CC=CC=C9OC)N(C(C%57=CC=CC(Cl)=C%57)=O)C(C(O)=O)N%56C(C%58=CC(Cl)=CC=C%58)=O,0.6033967564021584,0.468970688776272
291,C12=C(C=CN2C3=NC=CC4=C3C=CC=C4)C=CC=C1,C=CCC1=CC=CC=C1,C8(OC)=CC=CC=C8[C@H]1[C@H](C9=CC=CC=C9OC)N(C(C2=C(C)C=CS2)=O)C(C(O)=O)N1C(C1=C(C)C=CS1)=O,0.38178113632980054,0.31122051386731364
292,C12=C(C=CN2C3=NC=CC4=C3C=CC=C4)C=CC=C1,C=CCC1=CC=CC=C1,C8(OC)=CC=CC=C8[C@H]%89[C@H](C9=CC=CC=C9OC)N(C(C%90=CC=CC(C(C)(C)C)=C%90)=O)C(C(O)=O)N%89C(C%91=CC(C(C)(C)C)=CC=C%91)=O,0.7469759362488597,0.5579198852859869
293,C12=C(C=CN2C3=NC=CC4=C3C=CC=C4)C=CC=C1,C=CCC1=CC=CC=C1,C8(OC)=CC=CC=C8[C@H]1[C@H](C9=CC=CC=C9OC)N(C(C2=C(C#N)C=CC=C2)=O)C(C(O)=O)N1C(C1=CC=CC=C1C#N)=O,0.31065438112017174,0.2560962842022742
294,C12=C(C=CN2C3=NC=CC4=C3C=CC=C4)C=CC=C1,C=CCC1=CC=CC=C1,C8(OC)=CC=CC=C8[C@H]1[C@H](C9=CC=CC=C9OC)N(C(C2=C(C)OC(C)=C2)=O)C(C(O)=O)N1C(C1=C(C)OC(C)=C1)=O,1.0414181588688256,0.7054485452996586
295,C12=C(C=CN2C3=NC=CC4=C3C=CC=C4)C=CC=C1,C=CCC1=CC=CC=C1,C8(OC)=CC=CC=C8[C@H]%59[C@H](C9=CC=CC=C9OC)N(C(C%60=CC=CC(Br)=C%60)=O)C(C(O)=O)N%59C(C%61=CC(Br)=CC=C%61)=O,0.6155931381858006,0.47695356641323505
296,C12=C(C=CN2C3=NC=CC4=C3C=CC=C4)C=CC=C1,C=CCC1=CC=CC=C1,C8(OC)=CC=CC=C8[C@H]1[C@H](C9=CC=CC=C9OC)N(C(CCCCC)=O)C(C(O)=O)N1C(CCCCC)=O,1.01773123737518,0.695274034778266
297,C12=C(C=CN2C3=NC=CC4=C3C=CC=C4)C=CC=C1,C=CCC1=CC=CC=C1,C8(OC)=CC=CC=C8[C@H]1[C@H](C9=CC=CC=C9OC)N(C(C2=C(I)C=CC=C2)=O)C(C(O)=O)N1C(C1=CC=CC=C1I)=O,0.5694188613519979,0.44632510519055896
298,C12=C(C=CN2C3=NC=CC4=C3C=CC=C4)C=CC=C1,C=CCC1=CC=CC=C1,C8(OC)=CC=CC=C8[C@H]1[C@H](C9=CC=CC=C9OC)N(C(C2=C(Cl)SC(Cl)=C2)=O)C(C(O)=O)N1C(C1=C(Cl)SC(Cl)=C1)=O,0.6550164140558192,0.5022216717359954
299,C12=C(C=CN2C3=NC=CC4=C3C=CC=C4)C=CC=C1,C=CCC1=CC=CC=C1,C8(OC)=CC=CC=C8[C@H]1[C@H](C9=CC=CC=C9OC)N(C(C2=CC(C)=CS2)=O)C(C(O)=O)N1C(C1=CC(C)=CS1)=O,0.819562387062406,0.5986295709431236
300,C12=C(C=CN2C3=NC=CC4=C3C=CC=C4)C=CC=C1,C=CCC1=CC=CC=C1,C8(OC)=CC=CC=C8[C@H]1[C@H](C9=CC=CC=C9OC)N(C(C2=C(C)C=CC=C2)=O)C(C(O)=O)N1C(C1=CC=CC=C1C)=O,0.8539808252941898,0.616926837807787
301,C12=C(C=CN2C3=NC=CC4=C3C=CC=C4)C=CC=C1,C=CCC1=CC=CC=C1,C8(OC)=CC=CC=C8[C@H]%74[C@H](C9=CC=CC=C9OC)N(C(C%75=CC=C(C#N)C=C%75)=O)C(C(O)=O)N%74C(C%76=CC=C(C#N)C=C%76)=O,0.9061804461404759,0.643450487471873
302,C12=C(C=CN2C3=NC=CC4=C3C=CC=C4)C=CC=C1,C=CCC1=CC=CC=C1,C8(OC)=CC=CC=C8[C@H]1[C@H](C9=CC=CC=C9OC)N(C(C2=C(Br)C=CC=C2)=O)C(C(O)=O)N1C(C1=CC=CC=C1Br)=O,0.4870440729387052,0.389022753608319
303,C12=C(C=CN2C3=NC=CC4=C3C=CC=C4)C=CC=C1,C=CCC1=CC=CC=C1,C8(OC)=CC=CC=C8[C@H]%71[C@H](C9=CC=CC=C9OC)N(C(C%72=CC=CC(C#N)=C%72)=O)C(C(O)=O)N%71C(C%73=CC(C#N)=CC=C%73)=O,0.8658880388474447,0.623106825735488
304,C12=C(C=CN2C3=NC=CC4=C3C=CC=C4)C=CC=C1,C=CCC1=CC=CC=C1,C8(OC)=CC=CC=C8[C@H]1[C@H](C9=CC=CC=C9OC)N(C(C2=CSC=C2Br)=O)C(C(O)=O)N1C(C1=CSC=C1Br)=O,0.2544250653447594,0.21128577239945895
305,C12=C(C=CN2C3=NC=CC4=C3C=CC=C4)C=CC=C1,C=CCC1=CC=CC=C1,C8(OC)=CC=CC=C8[C@H]1[C@H](C9=CC=CC=C9OC)N(C(C2=CC(C)=CC(C)=C2)=O)C(C(O)=O)N1C(C1=CC(C)=CC(C)=C1)=O,0.8225910924158459,0.6002655862371555
306,C12=C(C=CN2C3=NC=CC4=C3C=CC=C4)C=CC=C1,C=CCC1=CC=CC=C1,C8(OC)=CC=CC=C8[C@H]1[C@H](C9=CC=CC=C9OC)N(C(C2=C(C3=CC=CC=C3)C=CC=C2)=O)C(C(O)=O)N1C(C1=CC=CC=C1C1=CC=CC=C1)=O,0.7319677929656758,0.5491432482477698
307,C12=C(C=CN2C3=NC=CC4=C3C=CC=C4)C=CC=C1,C=CCC1=CC=CC=C1,C8(OC)=CC=CC=C8[C@H]1[C@H](C9=CC=CC=C9OC)N(C(C2=COC3=C2C=CC=C3)=O)C(C(O)=O)N1C(C1=COC2=C1C=CC=C2)=O,0.9311416040265021,0.6556162031924754
308,C12=C(C=CN2C3=NC=CC4=C3C=CC=C4)C=CC=C1,C=CCC1=CC=CC=C1,C8(OC)=CC=CC=C8[C@H]%53[C@H](C9=CC=CC=C9OC)N(C(C%54=CC=CC(F)=C%54)=O)C(C(O)=O)N%53C(C%55=CC(F)=CC=C%55)=O,0.935881379480359,0.6578888027005232
309,C12=C(C=CN2C3=NC=CC4=C3C=CC=C4)C=CC=C1,C=CCC1=CC=CC=C1,C8(OC)=CC=CC=C8[C@H]1[C@H](C9=CC=CC=C9OC)N(C(C2=CC(C(F)(F)F)=CC(C(F)(F)F)=C2)=O)C(C(O)=O)N1C(C1=CC(C(F)(F)F)=CC(C(F)(F)F)=C1)=O,0.8057061359552322,0.5910809346679861
310,C12=C(C=CN2C3=NC=CC4=C3C=CC=C4)C=CC=C1,C=CCC1=CC=CC=C1,C8(OC)=CC=CC=C8[C@H]%42[C@H](C9=CC=CC=C9OC)N(C(C%43=CC=C(C(C)C)C=C%43)=O)C(C(O)=O)N%42C(C%44=CC=C(C(C)C)C=C%44)=O,0.9397305877988744,0.6597256275442888
311,C12=C(C=CN2C3=NC=CC4=C3C=CC=C4)C=CC=C1,C=CCC1=CC=CC=C1,C8(OC)=CC=CC=C8[C@H]1[C@H](C9=CC=CC=C9OC)N(C(C2=C(C3=CC=CC=C3)OC(C)=C2)=O)C(C(O)=O)N1C(C1=C(C2=CC=CC=C2)OC(C)=C1)=O,0.5138437447579054,0.4080287720722137
312,C12=C(C=CN2C3=NC=CC4=C3C=CC=C4)C=CC=C1,C=CCC1=CC=CC=C1,C8(OC)=CC=CC=C8[C@H]1[C@H](C9=CC=CC=C9OC)N(C(C2=C(C=CC=C3)C3=CC=C2)=O)C(C(O)=O)N1C(C1=CC=CC2=C1C=CC=C2)=O,0.6050412039186296,0.47005155144040944
313,C12=C(C=CN2C3=NC=CC4=C3C=CC=C4)C=CC=C1,C=CCC1=CC=CC=C1,C8(OC)=CC=CC=C8[C@H]1[C@H](C9=CC=CC=C9OC)N(C(C2=CC(C)=C(C)O2)=O)C(C(O)=O)N1C(C1=CC(C)=C(C)O1)=O,0.9207966088992788,0.6506145487797504
314,C12=C(C=CN2C3=NC=CC4=C3C=CC=C4)C=CC=C1,C=CCC1=CC=CC=C1,C8(OC)=CC=CC=C8[C@H]%77[C@H](C9=CC=CC=C9OC)N(C(C%78=CC=CC([N+]([O-])=O)=C%78)=O)C(C(O)=O)N%77C(C%79=CC([N+]([O-])=O)=CC=C%79)=O,0.6340954690219793,0.48891492729295577
315,C12=C(C=CN2C3=NC=CC4=C3C=CC=C4)C=CC=C1,C=CCC1=CC=CC=C1,C8(OC)=CC=CC=C8[C@H]%62[C@H](C9=CC=CC=C9OC)N(C(C%63=CC=CC(I)=C%63)=O)C(C(O)=O)N%62C(C%64=CC(I)=CC=C%64)=O,0.37966816142992243,0.3096106389568931
316,C12=C(C=CN2C3=NC=CC4=C3C=CC=C4)C=CC=C1,C=CCC1=CC=CC=C1,C8(OC)=CC=CC=C8[C@H]1[C@H](C9=CC=CC=C9OC)N(C(C2=COC=C2)=O)C(C(O)=O)N1C(C1=COC=C1)=O,0.9674586145468956,0.6727261505426031
317,C12=C(C=CN2C3=NC=CC4=C3C=CC=C4)C=CC=C1,C=CCC1=CC=CC=C1,C8(OC)=CC=CC=C8[C@H]1[C@H](C9=CC=CC=C9OC)N(C(C2=CC(CCCC3)=C3S2)=O)C(C(O)=O)N1C(C1=CC2=C(CCCC2)S1)=O,0.9339008307995561,0.6569406317729934
318,C12=C(C=CN2C3=NC=CC4=C3C=CC=C4)C=CC=C1,C=CCC1=CC=CC=C1,C8(OC)=CC=CC=C8[C@H]1[C@H](C9=CC=CC=C9OC)N(C(C2=CC(C=CC=C3)=C3O2)=O)C(C(O)=O)N1C(C1=CC2=C(C=CC=C2)O1)=O,0.9687250090547755,0.6733102605045441
319,C12=C(C=CN2C3=NC=CC4=C3C=CC=C4)C=CC=C1,C=CCC1=CC=CC=C1,C8(OC)=CC=CC=C8[C@H]1[C@H](C9=CC=CC=C9OC)N(C(C2=C(C(C)C)C=CC=C2)=O)C(C(O)=O)N1C(C1=CC=CC=C1C(C)C)=O,0.6967042392993014,0.5280386554897336
320,C12=C(C=CN2C3=NC=CC4=C3C=CC=C4)C=CC=C1,C=CCC1=CC=CC=C1,C8(OC)=CC=CC=C8[C@H]1[C@H](C9=CC=CC=C9OC)N(C(C2=CC=C(C)O2)=O)C(C(O)=O)N1C(C1=CC=C(C)O1)=O,1.1029356668195731,0.7305626309389841
321,C12=C(C=CN2C3=NC=CC4=C3C=CC=C4)C=CC=C1,C=CCC1=CC=CC=C1,C8(OC)=CC=CC=C8[C@H]1[C@H](C9=CC=CC=C9OC)N(C(C2=CC=C(Br)S2)=O)C(C(O)=O)N1C(C1=CC=C(Br)S1)=O,1.02118670654493,0.6967760619222624
322,C12=C(C=CN2C3=NC=CC4=C3C=CC=C4)C=CC=C1,C=CCC1=CC=CC=C1,C8(OC)=CC=CC=C8[C@H]1[C@H](C9=CC=CC=C9OC)N(C(C2=CC=C(C)S2)=O)C(C(O)=O)N1C(C1=CC=C(C)S1)=O,1.0503924872626533,0.7092293384023111
323,C12=C(C=CN2C3=NC=CC4=C3C=CC=C4)C=CC=C1,C=CCC1=CC=CC=C1,C8(OC)=CC=CC=C8[C@H]1[C@H](C9=CC=CC=C9OC)N(C(C2=CC=C(C=CC=C3)C3=C2)=O)C(C(O)=O)N1C(C1=CC(C=CC=C2)=C2C=C1)=O,1.026988218041972,0.699284188714794
324,C12=C(C=CN2C3=NC=CC4=C3C=CC=C4)C=CC=C1,C=CCC1=CC=CC=C1,C8(OC)=CC=CC=C8[C@H]%83[C@H](C9=CC=CC=C9OC)N(C(C%84=CC=CC(CC)=C%84)=O)C(C(O)=O)N%83C(C%85=CC(CC)=CC=C%85)=O,0.23286454211760416,0.19385364845426303
325,C12=C(C=CN2C3=NC=CC4=C3C=CC=C4)C=CC=C1,C=CCC1=CC=CC=C1,C8(OC)=CC=CC=C8[C@H]1[C@H](C9=CC=CC=C9OC)N(C(C2=C(Br)C=CS2)=O)C(C(O)=O)N1C(C1=C(Br)C=CS1)=O,0.7360631950429422,0.551550401294258
326,C12=C(C=CN2C3=NC=CC4=C3C=CC=C4)C=CC=C1,C=CCC1=CC=CC=C1,C8(OC)=CC=CC=C8[C@H]%24[C@H](C9=CC=CC=C9OC)N(C(C%25=CC=C(Br)C=C%25)=O)C(C(O)=O)N%24C(C%26=CC=C(Br)C=C%26)=O,0.9667935036364872,0.6724190394520307
327,C12=C(C=CN2C3=NC=CC4=C3C=CC=C4)C=CC=C1,C=CCC1=CC=CC=C1,C8(OC)=CC=CC=C8[C@H]%65[C@H](C9=CC=CC=C9OC)N(C(C%66=CC=CC(C(F)(F)F)=C%66)=O)C(C(O)=O)N%65C(C%67=CC(C(F)(F)F)=CC=C%67)=O,0.8620330006882508,0.6211144352801882
328,C12=C(C=CN2C3=NC=CC4=C3C=CC=C4)C=CC=C1,C=CCC1=CC=CC=C1,C8(OC)=CC=CC=C8[C@H]1[C@H](C9=CC=CC=C9OC)N(C(C2=CC=C(C#N)O2)=O)C(C(O)=O)N1C(C1=CC=C(C#N)O1)=O,0.975391522067108,0.6763712869697289
329,C12=C(C=CN2C3=NC=CC4=C3C=CC=C4)C=CC=C1,C=CCC1=CC=CC=C1,C8(OC)=CC=CC=C8[C@H]1[C@H](C9=CC=CC=C9OC)N(C(CC2=CC=CC=C2)=O)C(C(O)=O)N1C(CC1=CC=CC=C1)=O,0.4528253662602319,0.36426680391154265
330,C12=C(C=CN2C3=NC=CC4=C3C=CC=C4)C=CC=C1,C=CCC1=CC=CC=C1,C8(OC)=CC=CC=C8[C@H]1[C@H](C9=CC=CC=C9OC)N(C(C2=CSC(C)=C2)=O)C(C(O)=O)N1C(C1=CSC(C)=C1)=O,0.7598727564458715,0.5653635429192831
331,C12=C(C=CN2C3=NC=CC4=C3C=CC=C4)C=CC=C1,C=CCC1=CC=CC=C1,C8(OC)=CC=CC=C8[C@H]1[C@H](C9=CC=CC=C9OC)N(C(C2=CC=C(C3=CC=CC=C3)O2)=O)C(C(O)=O)N1C(C1=CC=C(C2=CC=CC=C2)O1)=O,1.2048461117014715,0.7681741157705909
332,C12=C(C=CN2C3=NC=CC4=C3C=CC=C4)C=CC=C1,C=CCC1=CC=CC=C1,C8(OC)=CC=CC=C8[C@H]%21[C@H](C9=CC=CC=C9OC)N(C(C%22=CC=C(Cl)C=C%22)=O)C(C(O)=O)N%21C(C%23=CC=C(Cl)C=C%23)=O,0.8130585238110974,0.5950994490306183
333,C12=C(C=CN2C3=NC=CC4=C3C=CC=C4)C=CC=C1,C=CCC1=CC=CC=C1,C8(OC)=CC=CC=C8[C@H]%86[C@H](C9=CC=CC=C9OC)N(C(C%87=CC=CC(C(C)C)=C%87)=O)C(C(O)=O)N%86C(C%88=CC(C(C)C)=CC=C%88)=O,0.7828833818563394,0.5784186250908085
334,C12=C(C=CN2C3=NC=CC4=C3C=CC=C4)C=CC=C1,C=CCC1=CC=CC=C1,C8(OC)=CC=CC=C8[C@H]%97[C@H](C9=CC=CC=C9OC)N(C(C%98=CC=CC(OC)=C%98)=O)C(C(O)=O)N%97C(C%99=CC(OC)=CC=C%99)=O,0.6372406862428175,0.4909302817785805
335,C12=C(C=CN2C3=NC=CC4=C3C=CC=C4)C=CC=C1,C=CCC1=CC=CC=C1,C8(OC)=CC=CC=C8[C@H]1[C@H](C9=CC=CC=C9OC)N(C(C2=C(C(C)(C)C)C=CC=C2)=O)C(C(O)=O)N1C(C1=CC=CC=C1C(C)(C)C)=O,0.5942164031142605,0.4629108213569948
336,C12=C(C=CN2C3=NC=CC4=C3C=CC=C4)C=CC=C1,C=CCC1=CC=CC=C1,C8(OC)=CC=CC=C8[C@H]1[C@H](C9=CC=CC=C9OC)N(C(C2=C(C)C=CO2)=O)C(C(O)=O)N1C(C1=C(C)C=CO1)=O,0.8112093182750441,0.59409153018985
337,C12=C(C=CN2C3=NC=CC4=C3C=CC=C4)C=CC=C1,C=CCC1=CC=CC=C1,C8(OC)=CC=CC=C8[C@H]%27[C@H](C9=CC=CC=C9OC)N(C(C%28=CC=C(I)C=C%28)=O)C(C(O)=O)N%27C(C%29=CC=C(I)C=C%29)=O,0.8805756623044031,0.6306240584711048
338,C12=C(C=CN2C3=NC=CC4=C3C=CC=C4)C=CC=C1,C=CCC1=CC=CC=C1,C8(OC)=CC=CC=C8[C@H]7[C@H](C9=CC=CC=C9OC)N(C(C8=CC=CC=C8)=O)C(C(O)=O)N7C(C9=CC=CC=C9)=O,0.9374783200018223,0.6586518089310361
339,C12=C(C=CN2C3=NC=CC4=C3C=CC=C4)C=CC=C1,C=CCC1=CC=CC=C1,C8(OC)=CC=CC=C8[C@H]1[C@H](C9=CC=CC=C9OC)N(C(C2=CSC3=C2C=CC=C3)=O)C(C(O)=O)N1C(C1=CSC2=C1C=CC=C2)=O,0.48711522392677387,0.38907366402466714
340,C12=C(C=CN2C3=NC=CC4=C3C=CC=C4)C=CC=C1,C=CCC1=CC=CC=C1,C8(OC)=CC=CC=C8[C@H]%48[C@H](C9=CC=CC=C9OC)N(C(C%49=CC=C(C%50=CC=CC=C%50)C=C%49)=O)C(C(O)=O)N%48C(C%51=CC=C(C%52=CC=CC=C%52)C=C%51)=O,0.7952740946324607,0.5853284840388296
341,C12=C(C=CN2C3=NC=CC4=C3C=CC=C4)C=CC=C1,C=CCC1=CC=CC=C1,C8(OC)=CC=CC=C8[C@H]1[C@H](C9=CC=CC=C9OC)N(C(C2=C(C(F)(F)F)C=CC=C2)=O)C(C(O)=O)N1C(C1=CC=CC=C1C(F)(F)F)=O,0.48324503618824344,0.386300996506121
342,C12=C(C=CN2C3=NC=CC4=C3C=CC=C4)C=CC=C1,C=CCC1=CC=CC=C1,C8(OC)=CC=CC=C8[C@H]1[C@H](C9=CC=CC=C9OC)N(C(C2=CC=C([N+]([O-])=O)O2)=O)C(C(O)=O)N1C(C1=CC=C([N+]([O-])=O)O1)=O,0.7519675647572905,0.5608116881425936
343,C12=C(C=CN2C3=NC=CC4=C3C=CC=C4)C=CC=C1,C=CCC1=CC=CC=C1,C8(OC)=CC=CC=C8[C@H]1[C@H](C9=CC=CC=C9OC)N(C(C2=COC(Br)=C2)=O)C(C(O)=O)N1C(C1=COC(Br)=C1)=O,0.9770361467964097,0.6771228719960737
344,C12=C(C=CN2C3=NC=CC4=C3C=CC=C4)C=CC=C1,C=CCC1=CC=CC=C1,C8(OC)=CC=CC=C8[C@H]1[C@H](C9=CC=CC=C9OC)N(C(C2=C(Br)SC=C2)=O)C(C(O)=O)N1C(C1=C(Br)SC=C1)=O,0.3628121966186748,0.2967050693299381
345,C12=C(C=CN2C3=NC=CC4=C3C=CC=C4)C=CC=C1,C=CCC1=CC=CC=C1,C8(OC)=CC=CC=C8[C@H]1[C@H](C9=CC=CC=C9OC)N(C(C2=CC(C(C)(C)C)=CC(C(C)(C)C)=C2)=O)C(C(O)=O)N1C(C1=CC(C(C)(C)C)=CC(C(C)(C)C)=C1)=O,0.8496542049363776,0.6146621992397794
346,C12=C(C=CN2C3=NC=CC4=C3C=CC=C4)C=CC=C1,C=CCC1=CC=CC=C1,C8(OC)=CC=CC=C8[C@H]1[C@H](C9=CC=CC=C9OC)N(C(C2=C(C)OC=C2)=O)C(C(O)=O)N1C(C1=C(C)OC=C1)=O,0.8184219080319599,0.5980122203004461
347,C12=C(C=CN2C3=NC=CC4=C3C=CC=C4)C=CC=C1,C=CCC1=CC=CC=C1,C8(OC)=CC=CC=C8[C@H]1[C@H](C9=CC=CC=C9OC)N(C(C2=C(C(F)(F)F)OC(C)=C2)=O)C(C(O)=O)N1C(C1=C(C(F)(F)F)OC(C)=C1)=O,0.5681136897029561,0.4454434413611394
348,C12=C(C=CN2C3=NC=CC4=C3C=CC=C4)C=CC=C1,C=CCC1=CC=CC=C1,C8(OC)=CC=CC=C8[C@H]%30[C@H](C9=CC=CC=C9OC)N(C(C%31=CC=C(C(F)(F)F)C=C%31)=O)C(C(O)=O)N%30C(C%32=CC=C(C(F)(F)F)C=C%32)=O,0.619563964087018,0.4795357958305575
349,C12=C(C=CN2C3=NC=CC4=C3C=CC=C4)C=CC=C1,C=CCC1=CC=CC=C1,C8(OC)=CC=CC=C8[C@H]%92[C@H](C9=CC=CC=C9OC)N(C(C%93=CC=CC(C%94=CC=CC=C%94)=C%93)=O)C(C(O)=O)N%92C(C%95=CC(C%96=CC=CC=C%96)=CC=C%95)=O,0.7002974635661314,0.5302200339167074
350,C12=C(C=CN2C3=NC=CC4=C3C=CC=C4)C=CC=C1,C=CCC1=CC=CC=C1,C8(OC)=CC=CC=C8[C@H]%10[C@H](C9=CC=CC=C9OC)N(C(C%11=CSC=C%11)=O)C(C(O)=O)N%10C(C%12=CSC=C%12)=O,0.4896911316303004,0.39091519217850607
351,C12=C(C=CN2C3=NC=CC4=C3C=CC=C4)C=CC=C1,C=CCC1=CC=CC=C1,C8(OC)=CC=CC=C8[C@H]1[C@H](C9=CC=CC=C9OC)N(C(C2=C(CC)C=CC=C2)=O)C(C(O)=O)N1C(C1=CC=CC=C1CC)=O,0.5632190074213977,0.44212931136291306
352,C12=C(C=CN2C3=NC=CC4=C3C=CC=C4)C=CC=C1,C=CCC1=CC=CC=C1,C8(OC)=CC=CC=C8[C@H]%33[C@H](C9=CC=CC=C9OC)N(C(C%34=CC=C([N+]([O-])=O)C=C%34)=O)C(C(O)=O)N%33C(C%35=CC=C([N+]([O-])=O)C=C%35)=O,1.0727389439958974,0.718468772857495
353,C12=C(C=CN2C3=NC=CC4=C3C=CC=C4)C=CC=C1,C=CCC1=CC=CC=C1,C8(OC)=CC=CC=C8[C@H]%39[C@H](C9=CC=CC=C9OC)N(C(C%40=CC=C(CC)C=C%40)=O)C(C(O)=O)N%39C(C%41=CC=C(CC)C=C%41)=O,0.8788624749022642,0.6297532467665288
354,C12=C(C=CN2C3=NC=CC4=C3C=CC=C4)C=CC=C1,C=CCC1=CC=CC=C1,C8(OC)=CC=CC=C8[C@H]%80[C@H](C9=CC=CC=C9OC)N(C(C%81=CC=CC(C)=C%81)=O)C(C(O)=O)N%80C(C%82=CC(C)=CC=C%82)=O,0.7148389284009485,0.5389763664873
355,C12=C(C=CN2C3=NC=CC4=C3C=CC=C4)C=CC=C1,C=CCC1=CC=CC=C1,C8(OC)=CC=CC=C8[C@H]1[C@H](C9=CC=CC=C9OC)N(C(C2=C(Br)C=CO2)=O)C(C(O)=O)N1C(C1=C(Br)C=CO1)=O,0.22711832367489562,0.18918648246431716
356,C12=C(C=CN2C3=NC=CC4=C3C=CC=C4)C=CC=C1,C=CCC1=CC=CC=C1,C8(OC)=CC=CC=C8[C@H]1[C@H](C9=CC=CC=C9OC)N(C(C2=CC(Br)=CS2)=O)C(C(O)=O)N1C(C1=CC(Br)=CS1)=O,0.6421301454978756,0.49405288182398227
357,C12=C(C=CN2C3=NC=CC4=C3C=CC=C4)C=CC=C1,C=CCC1=CC=CC=C1,C8(OC)=CC=CC=C8[C@H]1[C@H](C9=CC=CC=C9OC)N(C(C2=CC(C=CC=C3)=C3S2)=O)C(C(O)=O)N1C(C1=CC2=C(C=CC=C2)S1)=O,0.873338312291287,0.6269345159406434
358,C12=C(C=CN2C3=NC=CC4=C3C=CC=C4)C=CC=C1,C=CCC1=CC=CC=C1,C8(OC)=CC=CC=C8[C@H]1[C@H](C9=CC=CC=C9OC)N(C(C2=C(Br)OC=C2)=O)C(C(O)=O)N1C(C1=C(Br)OC=C1)=O,0.31675259443590287,0.2608943744749927
359,C12=C(C=CN2C3=NC=CC4=C3C=CC=C4)C=CC=C1,C=CCC1=CC=CC=C1,C8(OC)=CC=CC=C8[C@H]1[C@H](C9=CC=CC=C9OC)N(C(C2=C(C)OC=C2C)=O)C(C(O)=O)N1C(C1=C(C)OC=C1C)=O,1.1675726679619662,0.7549777450480059
