SMILES,file_name
C8(OC)=CC=CC=C8[C@H]1[C@H](C9=CC=CC=C9OC)N(C(C2=CSC(C)=C2)=O)C(C(O)=O)N1C(C1=CSC(C)=C1)=O,acid_0
C6=CC(C=CC=C7)=C7C=C6[C@H]1[C@H](C8=CC(C=CC=C9)=C9C=C8)N(C(C2=CC=C(C3=CC=CC=C3)O2)=O)C(C(O)=O)N1C(C1=CC=C(C2=CC=CC=C2)O1)=O,acid_1
C6=CC(C=CC=C7)=C7C=C6[C@H]1[C@H](C8=CC(C=CC=C9)=C9C=C8)N(C(C2=COC(C)=C2)=O)C(C(O)=O)N1C(C1=COC(C)=C1)=O,acid_2
C6=CC=CC7=C6C=CC=C7[C@H]%80[C@H](C8=CC=CC9=C8C=CC=C9)N(C(C%81=CC=CC(C)=C%81)=O)C(C(O)=O)N%80C(C%82=CC(C)=CC=C%82)=O,acid_3
C6=CC(C=CC=C7)=C7C=C6[C@H]1[C@H](C8=CC(C=CC=C9)=C9C=C8)N(C(C2=CC(Br)=CS2)=O)C(C(O)=O)N1C(C1=CC(Br)=CS1)=O,acid_4
C7=CC=CC=C7[C@H]1[C@H](C8=CC=CC=C8)N(C(C2=CC=C(C=CC=C3)C3=C2)=O)C(C(O)=O)N1C(C1=CC(C=CC=C2)=C2C=C1)=O,acid_5
C7=CC=CC=C7[C@H]1[C@H](C8=CC=CC=C8)N(C(C2=C(Br)SC=C2)=O)C(C(O)=O)N1C(C1=C(Br)SC=C1)=O,acid_6
C7=CC=CC=C7[C@H]%10[C@H](C8=CC=CC=C8)N(C(C%11=CSC=C%11)=O)C(C(O)=O)N%10C(C%12=CSC=C%12)=O,acid_7
C8(C(F)(F)F)=CC=CC=C8[C@H]1[C@H](C9=C(C(F)(F)F)C=CC=C9)N(C(C2=C(C)C=CC=C2)=O)C(C(O)=O)N1C(C1=CC=CC=C1C)=O,acid_8
C6=CC=CC7=C6C=CC=C7[C@H]1[C@H](C8=CC=CC9=C8C=CC=C9)N(C(C2=CC=C(Cl)O2)=O)C(C(O)=O)N1C(C1=CC=C(Cl)O1)=O,acid_9
C7=CC=CC=C7[C@H]%45[C@H](C8=CC=CC=C8)N(C(C%46=CC=C(C(C)(C)C)C=C%46)=O)C(C(O)=O)N%45C(C%47=CC=C(C(C)(C)C)C=C%47)=O,acid_10
C8(C(F)(F)F)=CC=CC=C8[C@H]1[C@H](C9=C(C(F)(F)F)C=CC=C9)N(C(C2=CC(CCCC3)=C3S2)=O)C(C(O)=O)N1C(C1=CC2=C(CCCC2)S1)=O,acid_11
C6=CC(C=CC=C7)=C7C=C6[C@H]1[C@H](C8=CC(C=CC=C9)=C9C=C8)N(C(C2=COC(Br)=C2)=O)C(C(O)=O)N1C(C1=COC(Br)=C1)=O,acid_12
C6=CC=CC7=C6C=CC=C7[C@H]1[C@H](C8=CC=CC9=C8C=CC=C9)N(C(C2=C(C)C=CO2)=O)C(C(O)=O)N1C(C1=C(C)C=CO1)=O,acid_13
C7=CC=CC=C7[C@H]1[C@H](C8=CC=CC=C8)N(C(C2=C(C=CC=C3)C3=CC=C2)=O)C(C(O)=O)N1C(C1=CC=CC2=C1C=CC=C2)=O,acid_14
C8(OC)=CC=CC=C8[C@H]1[C@H](C9=CC=CC=C9OC)N(C(C2=C(F)C=CC=C2)=O)C(C(O)=O)N1C(C1=CC=CC=C1F)=O,acid_15
C6=CC=CC7=C6C=CC=C7[C@H]%21[C@H](C8=CC=CC9=C8C=CC=C9)N(C(C%22=CC=C(Cl)C=C%22)=O)C(C(O)=O)N%21C(C%23=CC=C(Cl)C=C%23)=O,acid_16
C8(OC)=CC=CC=C8[C@H]1[C@H](C9=CC=CC=C9OC)N(C(C2=C(C=CC=C3)C3=CC=C2)=O)C(C(O)=O)N1C(C1=CC=CC2=C1C=CC=C2)=O,acid_17
C8(OC)=CC=CC=C8[C@H]1[C@H](C9=CC=CC=C9OC)N(C(C2=C(I)C=CC=C2)=O)C(C(O)=O)N1C(C1=CC=CC=C1I)=O,acid_18
C6=CC(C=CC=C7)=C7C=C6[C@H]%33[C@H](C8=CC(C=CC=C9)=C9C=C8)N(C(C%34=CC=C([N+]([O-])=O)C=C%34)=O)C(C(O)=O)N%33C(C%35=CC=C([N+]([O-])=O)C=C%35)=O,acid_19
C8(C(F)(F)F)=CC=CC=C8[C@H]%89[C@H](C9=C(C(F)(F)F)C=CC=C9)N(C(C%90=CC=CC(C(C)(C)C)=C%90)=O)C(C(O)=O)N%89C(C%91=CC(C(C)(C)C)=CC=C%91)=O,acid_20
C8(C(F)(F)F)=CC=CC=C8[C@H]%48[C@H](C9=C(C(F)(F)F)C=CC=C9)N(C(C%49=CC=C(C%50=CC=CC=C%50)C=C%49)=O)C(C(O)=O)N%48C(C%51=CC=C(C%52=CC=CC=C%52)C=C%51)=O,acid_21
O=C(C1=CC=C(Br)C=C1)N2C(C(O)=O)N(C(C3=CC=C(Br)C=C3)=O)[C@@H](C4=CC=CC=C4)[C@@H]2C5=CC=CC=C5,acid_22
C8(OC)=CC=CC=C8[C@H]%33[C@H](C9=CC=CC=C9OC)N(C(C%34=CC=C([N+]([O-])=O)C=C%34)=O)C(C(O)=O)N%33C(C%35=CC=C([N+]([O-])=O)C=C%35)=O,acid_23
C8(C(F)(F)F)=CC=CC=C8[C@H]1[C@H](C9=C(C(F)(F)F)C=CC=C9)N(C(C2=C(Br)C=CC=C2)=O)C(C(O)=O)N1C(C1=CC=CC=C1Br)=O,acid_24
C7=CC=CC=C7[C@H]%86[C@H](C8=CC=CC=C8)N(C(C%87=CC=CC(C(C)C)=C%87)=O)C(C(O)=O)N%86C(C%88=CC(C(C)C)=CC=C%88)=O,acid_25
C6=CC(C=CC=C7)=C7C=C6[C@H]1[C@H](C8=CC(C=CC=C9)=C9C=C8)N(C(C2=CSC3=C2C=CC=C3)=O)C(C(O)=O)N1C(C1=CSC2=C1C=CC=C2)=O,acid_26
O=C(C1=CC=C(C(C)(C)C)C=C1)N2C(C(O)=O)N(C(C3=CC=C(C(C)(C)C)C=C3)=O)[C@@H](C4=CC=CC=C4)[C@@H]2C5=CC=CC=C5,acid_27
C6=CC(C=CC=C7)=C7C=C6[C@H]1[C@H](C8=CC(C=CC=C9)=C9C=C8)N(C(C2=C(I)C=CC=C2)=O)C(C(O)=O)N1C(C1=CC=CC=C1I)=O,acid_28
C6=CC=CC7=C6C=CC=C7[C@H]1[C@H](C8=CC=CC9=C8C=CC=C9)N(C(C2=CC=C(C#N)O2)=O)C(C(O)=O)N1C(C1=CC=C(C#N)O1)=O,acid_29
C8(OC)=CC=CC=C8[C@H]1[C@H](C9=CC=CC=C9OC)N(C(C2=COC(Br)=C2)=O)C(C(O)=O)N1C(C1=COC(Br)=C1)=O,acid_30
C8(C(F)(F)F)=CC=CC=C8[C@H]1[C@H](C9=C(C(F)(F)F)C=CC=C9)N(C(C2=C(C(C)(C)C)C=CC=C2)=O)C(C(O)=O)N1C(C1=CC=CC=C1C(C)(C)C)=O,acid_31
C6=CC=CC7=C6C=CC=C7[C@H]1[C@H](C8=CC=CC9=C8C=CC=C9)N(C(C2=COC3=C2C=CC=C3)=O)C(C(O)=O)N1C(C1=COC2=C1C=CC=C2)=O,acid_32
C8(OC)=CC=CC=C8[C@H]1[C@H](C9=CC=CC=C9OC)N(C(C2=COC3=C2C=CC=C3)=O)C(C(O)=O)N1C(C1=COC2=C1C=CC=C2)=O,acid_33
C6=CC=CC7=C6C=CC=C7[C@H]1[C@H](C8=CC=CC9=C8C=CC=C9)N(C(C2=CC=C(F)C=C2)=O)C(C(O)=O)N1C(C3=CC=C(F)C=C3)=O,acid_34
C8(C(F)(F)F)=CC=CC=C8[C@H]%16[C@H](C9=C(C(F)(F)F)C=CC=C9)N(C(C%17=CSC=C%17OC)=O)C(C(O)=O)N%16C(C%18=CSC=C%18OC)=O,acid_35
O=C(C1=CC(C)=CC(C)=C1)N2C(C(O)=O)N(C(C3=CC(C)=CC(C)=C3)=O)[C@@H](C4=CC=CC=C4)[C@@H]2C5=CC=CC=C5,acid_36
C8(C(F)(F)F)=CC=CC=C8[C@H]%21[C@H](C9=C(C(F)(F)F)C=CC=C9)N(C(C%22=CC=C(Cl)C=C%22)=O)C(C(O)=O)N%21C(C%23=CC=C(Cl)C=C%23)=O,acid_37
C6=CC=CC7=C6C=CC=C7[C@H]%83[C@H](C8=CC=CC9=C8C=CC=C9)N(C(C%84=CC=CC(CC)=C%84)=O)C(C(O)=O)N%83C(C%85=CC(CC)=CC=C%85)=O,acid_38
C8(C(F)(F)F)=CC=CC=C8[C@H]1[C@H](C9=C(C(F)(F)F)C=CC=C9)N(C(C2=C(Cl)C=CC=C2)=O)C(C(O)=O)N1C(C1=CC=CC=C1Cl)=O,acid_39
C6=CC(C=CC=C7)=C7C=C6[C@H]1[C@H](C8=CC(C=CC=C9)=C9C=C8)N(C(C2=CC(C)=CS2)=O)C(C(O)=O)N1C(C1=CC(C)=CS1)=O,acid_40
C8(OC)=CC=CC=C8[C@H]7[C@H](C9=CC=CC=C9OC)N(C(C8=CC=CC=C8)=O)C(C(O)=O)N7C(C9=CC=CC=C9)=O,acid_41
C6=CC=CC7=C6C=CC=C7[C@H]1[C@H](C8=CC=CC9=C8C=CC=C9)N(C(C2=CC(C)=CS2)=O)C(C(O)=O)N1C(C1=CC(C)=CS1)=O,acid_42
C6=CC=CC7=C6C=CC=C7[C@H]1[C@H](C8=CC=CC9=C8C=CC=C9)N(C(C2=C(CC)C=CC=C2)=O)C(C(O)=O)N1C(C1=CC=CC=C1CC)=O,acid_43
C8(C(F)(F)F)=CC=CC=C8[C@H]1[C@H](C9=C(C(F)(F)F)C=CC=C9)N(C(C2=C(C#N)C=CC=C2)=O)C(C(O)=O)N1C(C1=CC=CC=C1C#N)=O,acid_44
C6=CC(C=CC=C7)=C7C=C6[C@H]%16[C@H](C8=CC(C=CC=C9)=C9C=C8)N(C(C%17=CSC=C%17OC)=O)C(C(O)=O)N%16C(C%18=CSC=C%18OC)=O,acid_45
C6=CC=CC7=C6C=CC=C7[C@H]1[C@H](C8=CC=CC9=C8C=CC=C9)N(C(C2=C(C#N)C=CC=C2)=O)C(C(O)=O)N1C(C1=CC=CC=C1C#N)=O,acid_46
C6=CC(C=CC=C7)=C7C=C6[C@H]1[C@H](C8=CC(C=CC=C9)=C9C=C8)N(C(C2=CC=C(Cl)O2)=O)C(C(O)=O)N1C(C1=CC=C(Cl)O1)=O,acid_47
C8(OC)=CC=CC=C8[C@H]1[C@H](C9=CC=CC=C9OC)N(C(C2=C(C)OC(C)=C2)=O)C(C(O)=O)N1C(C1=C(C)OC(C)=C1)=O,acid_48
C8(C(F)(F)F)=CC=CC=C8[C@H]1[C@H](C9=C(C(F)(F)F)C=CC=C9)N(C(C2=C(C(F)(F)F)OC=C2)=O)C(C(O)=O)N1C(C1=C(C(F)(F)F)OC=C1)=O,acid_49
C8(C(F)(F)F)=CC=CC=C8[C@H]%13[C@H](C9=C(C(F)(F)F)C=CC=C9)N(C(C%14=C(F)C=CS%14)=O)C(C(O)=O)N%13C(C%15=C(F)C=CS%15)=O,acid_50
C7=CC=CC=C7[C@H]1[C@H](C8=CC=CC=C8)N(C(C2=C(C)OC=C2)=O)C(C(O)=O)N1C(C1=C(C)OC=C1)=O,acid_51
C6=CC=CC7=C6C=CC=C7[C@H]1[C@H](C8=CC=CC9=C8C=CC=C9)N(C(C2=C(F)C=CC=C2)=O)C(C(O)=O)N1C(C1=CC=CC=C1F)=O,acid_52
C6=CC=CC7=C6C=CC=C7[C@H]1[C@H](C8=CC=CC9=C8C=CC=C9)N(C(C2=CC=C(C)O2)=O)C(C(O)=O)N1C(C1=CC=C(C)O1)=O,acid_53
C6=CC(C=CC=C7)=C7C=C6[C@H]1[C@H](C8=CC(C=CC=C9)=C9C=C8)N(C(C2=C(C)C(C=CC=C3)=C3O2)=O)C(C(O)=O)N1C(C1=C(C)C2=C(C=CC=C2)O1)=O,acid_54
C6=CC(C=CC=C7)=C7C=C6[C@H]1[C@H](C8=CC(C=CC=C9)=C9C=C8)N(C(C2=COC=C2C)=O)C(C(O)=O)N1C(C1=COC=C1C)=O,acid_55
C8(OC)=CC=CC=C8[C@H]1[C@H](C9=CC=CC=C9OC)N(C(C2=CC=CO2)=O)C(C(O)=O)N1C(C1=CC=CO1)=O,acid_56
C6=CC=CC7=C6C=CC=C7[C@H]%13[C@H](C8=CC=CC9=C8C=CC=C9)N(C(C%14=C(F)C=CS%14)=O)C(C(O)=O)N%13C(C%15=C(F)C=CS%15)=O,acid_57
C8(C(F)(F)F)=CC=CC=C8[C@H]7[C@H](C9=C(C(F)(F)F)C=CC=C9)N(C(C8=CC=CC=C8)=O)C(C(O)=O)N7C(C9=CC=CC=C9)=O,acid_58
O=C(CCCCC)N1C(C(O)=O)N(C(CCCCC)=O)[C@@H](C2=CC=CC=C2)[C@@H]1C3=CC=CC=C3,acid_59
C8(OC)=CC=CC=C8[C@H]1[C@H](C9=CC=CC=C9OC)N(C(C2=CC=C(C3=CC=CC=C3)O2)=O)C(C(O)=O)N1C(C1=CC=C(C2=CC=CC=C2)O1)=O,acid_60
C8(C(F)(F)F)=CC=CC=C8[C@H]1[C@H](C9=C(C(F)(F)F)C=CC=C9)N(C(C2=C([N+]([O-])=O)C=CC=C2)=O)C(C(O)=O)N1C(C1=CC=CC=C1[N+]([O-])=O)=O,acid_61
C6=CC(C=CC=C7)=C7C=C6[C@H]%77[C@H](C8=CC(C=CC=C9)=C9C=C8)N(C(C%78=CC=CC([N+]([O-])=O)=C%78)=O)C(C(O)=O)N%77C(C%79=CC([N+]([O-])=O)=CC=C%79)=O,acid_62
C6=CC=CC7=C6C=CC=C7[C@H]1[C@H](C8=CC=CC9=C8C=CC=C9)N(C(C2=COC=C2C)=O)C(C(O)=O)N1C(C1=COC=C1C)=O,acid_63
C6=CC=CC7=C6C=CC=C7[C@H]%62[C@H](C8=CC=CC9=C8C=CC=C9)N(C(C%63=CC=CC(I)=C%63)=O)C(C(O)=O)N%62C(C%64=CC(I)=CC=C%64)=O,acid_64
C8(C(F)(F)F)=CC=CC=C8[C@H]1[C@H](C9=C(C(F)(F)F)C=CC=C9)N(C(C2=COC=C2)=O)C(C(O)=O)N1C(C1=COC=C1)=O,acid_65
C6=CC=CC7=C6C=CC=C7[C@H]%45[C@H](C8=CC=CC9=C8C=CC=C9)N(C(C%46=CC=C(C(C)(C)C)C=C%46)=O)C(C(O)=O)N%45C(C%47=CC=C(C(C)(C)C)C=C%47)=O,acid_66
C8(OC)=CC=CC=C8[C@H]1[C@H](C9=CC=CC=C9OC)N(C(C2=C(Cl)C=CC=C2)=O)C(C(O)=O)N1C(C1=CC=CC=C1Cl)=O,acid_67
C6=CC(C=CC=C7)=C7C=C6[C@H]%59[C@H](C8=CC(C=CC=C9)=C9C=C8)N(C(C%60=CC=CC(Br)=C%60)=O)C(C(O)=O)N%59C(C%61=CC(Br)=CC=C%61)=O,acid_68
C6=CC(C=CC=C7)=C7C=C6[C@H]1[C@H](C8=CC(C=CC=C9)=C9C=C8)N(C(C2=C(C)C=CS2)=O)C(C(O)=O)N1C(C1=C(C)C=CS1)=O,acid_69
O=C(C1=CC=CO1)N2C(C(O)=O)N(C(C3=CC=CO3)=O)[C@@H](C4=CC=CC=C4)[C@@H]2C5=CC=CC=C5,acid_70
C6=CC(C=CC=C7)=C7C=C6[C@H]1[C@H](C8=CC(C=CC=C9)=C9C=C8)N(C(C2=C(C)OC(C)=C2)=O)C(C(O)=O)N1C(C1=C(C)OC(C)=C1)=O,acid_71
C6=CC(C=CC=C7)=C7C=C6[C@H]1[C@H](C8=CC(C=CC=C9)=C9C=C8)N(C(CC2=CC=CC=C2)=O)C(C(O)=O)N1C(CC1=CC=CC=C1)=O,acid_72
C8(C(F)(F)F)=CC=CC=C8[C@H]4[C@H](C9=C(C(F)(F)F)C=CC=C9)N(C(C5=CC=CS5)=O)C(C(O)=O)N4C(C6=CC=CS6)=O,acid_73
C6=CC(C=CC=C7)=C7C=C6[C@H]%53[C@H](C8=CC(C=CC=C9)=C9C=C8)N(C(C%54=CC=CC(F)=C%54)=O)C(C(O)=O)N%53C(C%55=CC(F)=CC=C%55)=O,acid_74
C7=CC=CC=C7[C@H]%30[C@H](C8=CC=CC=C8)N(C(C%31=CC=C(C(F)(F)F)C=C%31)=O)C(C(O)=O)N%30C(C%32=CC=C(C(F)(F)F)C=C%32)=O,acid_75
C8(OC)=CC=CC=C8[C@H]1[C@H](C9=CC=CC=C9OC)N(C(C2=C(C)OC=C2)=O)C(C(O)=O)N1C(C1=C(C)OC=C1)=O,acid_76
C8(C(F)(F)F)=CC=CC=C8[C@H]1[C@H](C9=C(C(F)(F)F)C=CC=C9)N(C(C2=C(C)C(C=CC=C3)=C3O2)=O)C(C(O)=O)N1C(C1=C(C)C2=C(C=CC=C2)O1)=O,acid_77
C8(OC)=CC=CC=C8[C@H]1[C@H](C9=CC=CC=C9OC)N(C(C2=CC=C(Br)S2)=O)C(C(O)=O)N1C(C1=CC=C(Br)S1)=O,acid_78
C6=CC(C=CC=C7)=C7C=C6[C@H]1[C@H](C8=CC(C=CC=C9)=C9C=C8)N(C(C2=C(Br)C=CC=C2)=O)C(C(O)=O)N1C(C1=CC=CC=C1Br)=O,acid_79
C8(OC)=CC=CC=C8[C@H]1[C@H](C9=CC=CC=C9OC)N(C(C2=C(C)OC(C3=CC=CC=C3)=C2)=O)C(C(O)=O)N1C(C1=C(C)OC(C2=CC=CC=C2)=C1)=O,acid_80
C7=CC=CC=C7[C@H]%65[C@H](C8=CC=CC=C8)N(C(C%66=CC=CC(C(F)(F)F)=C%66)=O)C(C(O)=O)N%65C(C%67=CC(C(F)(F)F)=CC=C%67)=O,acid_81
C6=CC(C=CC=C7)=C7C=C6[C@H]1[C@H](C8=CC(C=CC=C9)=C9C=C8)N(C(C2=CSC(C)=C2)=O)C(C(O)=O)N1C(C1=CSC(C)=C1)=O,acid_82
C8(C(F)(F)F)=CC=CC=C8[C@H]%59[C@H](C9=C(C(F)(F)F)C=CC=C9)N(C(C%60=CC=CC(Br)=C%60)=O)C(C(O)=O)N%59C(C%61=CC(Br)=CC=C%61)=O,acid_83
C8(OC)=CC=CC=C8[C@H]%77[C@H](C9=CC=CC=C9OC)N(C(C%78=CC=CC([N+]([O-])=O)=C%78)=O)C(C(O)=O)N%77C(C%79=CC([N+]([O-])=O)=CC=C%79)=O,acid_84
C7=CC=CC=C7[C@H]1[C@H](C8=CC=CC=C8)N(C(C2=CSC(C)=C2)=O)C(C(O)=O)N1C(C1=CSC(C)=C1)=O,acid_85
C6=CC=CC7=C6C=CC=C7[C@H]1[C@H](C8=CC=CC9=C8C=CC=C9)N(C(C2=C(Br)C=CC=C2)=O)C(C(O)=O)N1C(C1=CC=CC=C1Br)=O,acid_86
C8(OC)=CC=CC=C8[C@H]%42[C@H](C9=CC=CC=C9OC)N(C(C%43=CC=C(C(C)C)C=C%43)=O)C(C(O)=O)N%42C(C%44=CC=C(C(C)C)C=C%44)=O,acid_87
C8(C(F)(F)F)=CC=CC=C8[C@H]1[C@H](C9=C(C(F)(F)F)C=CC=C9)N(C(C2=C(Br)C=CO2)=O)C(C(O)=O)N1C(C1=C(Br)C=CO1)=O,acid_88
C6=CC(C=CC=C7)=C7C=C6[C@H]%97[C@H](C8=CC(C=CC=C9)=C9C=C8)N(C(C%98=CC=CC(OC)=C%98)=O)C(C(O)=O)N%97C(C%99=CC(OC)=CC=C%99)=O,acid_89
C7=CC=CC=C7[C@H]1[C@H](C8=CC=CC=C8)N(C(C2=CC=C(C3=CC=CC=C3)O2)=O)C(C(O)=O)N1C(C1=CC=C(C2=CC=CC=C2)O1)=O,acid_90
C6=CC=CC7=C6C=CC=C7[C@H]1[C@H](C8=CC=CC9=C8C=CC=C9)N(C(C2=C(C(F)(F)F)C=CC=C2)=O)C(C(O)=O)N1C(C1=CC=CC=C1C(F)(F)F)=O,acid_91
C6=CC=CC7=C6C=CC=C7[C@H]1[C@H](C8=CC=CC9=C8C=CC=C9)N(C(C2=CC=CO2)=O)C(C(O)=O)N1C(C1=CC=CO1)=O,acid_92
O=C(C1=CC=C(C(C)C)C=C1)N2C(C(O)=O)N(C(C3=CC=C(C(C)C)C=C3)=O)[C@@H](C4=CC=CC=C4)[C@@H]2C5=CC=CC=C5,acid_93
C6=CC(C=CC=C7)=C7C=C6[C@H]1[C@H](C8=CC(C=CC=C9)=C9C=C8)N(C(C2=CC(C(F)(F)F)=CC(C(F)(F)F)=C2)=O)C(C(O)=O)N1C(C1=CC(C(F)(F)F)=CC(C(F)(F)F)=C1)=O,acid_94
C8(C(F)(F)F)=CC=CC=C8[C@H]1[C@H](C9=C(C(F)(F)F)C=CC=C9)N(C(C2=C(Br)OC=C2)=O)C(C(O)=O)N1C(C1=C(Br)OC=C1)=O,acid_95
C6=CC=CC7=C6C=CC=C7[C@H]%24[C@H](C8=CC=CC9=C8C=CC=C9)N(C(C%25=CC=C(Br)C=C%25)=O)C(C(O)=O)N%24C(C%26=CC=C(Br)C=C%26)=O,acid_96
C8(C(F)(F)F)=CC=CC=C8[C@H]1[C@H](C9=C(C(F)(F)F)C=CC=C9)N(C(C2=C(Br)SC=C2)=O)C(C(O)=O)N1C(C1=C(Br)SC=C1)=O,acid_97
C6=CC(C=CC=C7)=C7C=C6[C@H]1[C@H](C8=CC(C=CC=C9)=C9C=C8)N(C(C2=CC=C([N+]([O-])=O)O2)=O)C(C(O)=O)N1C(C1=CC=C([N+]([O-])=O)O1)=O,acid_98
C8(OC)=CC=CC=C8[C@H]%13[C@H](C9=CC=CC=C9OC)N(C(C%14=C(F)C=CS%14)=O)C(C(O)=O)N%13C(C%15=C(F)C=CS%15)=O,acid_99
C6=CC=CC7=C6C=CC=C7[C@H]%36[C@H](C8=CC=CC9=C8C=CC=C9)N(C(C%37=CC=C(C)C=C%37)=O)C(C(O)=O)N%36C(C%38=CC=C(C)C=C%38)=O,acid_100
C7=CC=CC=C7[C@H]1[C@H](C8=CC=CC=C8)N(C(C2=C(I)C=CC=C2)=O)C(C(O)=O)N1C(C1=CC=CC=C1I)=O,acid_101
C6=CC(C=CC=C7)=C7C=C6[C@H]1[C@H](C8=CC(C=CC=C9)=C9C=C8)N(C(C2=C(OC)C=CC=C2)=O)C(C(O)=O)N1C(C1=CC=CC=C1OC)=O,acid_102
C7=CC=CC=C7[C@H]1[C@H](C8=CC=CC=C8)N(C(C2=C(C(C)C)C=CC=C2)=O)C(C(O)=O)N1C(C1=CC=CC=C1C(C)C)=O,acid_103
O=C(C1=CC=C(C(F)(F)F)C=C1)N2C(C(O)=O)N(C(C3=CC=C(C(F)(F)F)C=C3)=O)[C@@H](C4=CC=CC=C4)[C@@H]2C5=CC=CC=C5,acid_104
C6=CC(C=CC=C7)=C7C=C6[C@H]1[C@H](C8=CC(C=CC=C9)=C9C=C8)N(C(C2=C(Br)SC=C2)=O)C(C(O)=O)N1C(C1=C(Br)SC=C1)=O,acid_105
O=C(C1=CC=CC(CC)=C1)N2C(C(O)=O)N(C(C3=CC(CC)=CC=C3)=O)[C@@H](C4=CC=CC=C4)[C@@H]2C5=CC=CC=C5,acid_106
C8(C(F)(F)F)=CC=CC=C8[C@H]1[C@H](C9=C(C(F)(F)F)C=CC=C9)N(C(C2=C(C3=CC=CC=C3)OC(C)=C2)=O)C(C(O)=O)N1C(C1=C(C2=CC=CC=C2)OC(C)=C1)=O,acid_107
C8(OC)=CC=CC=C8[C@H]%16[C@H](C9=CC=CC=C9OC)N(C(C%17=CSC=C%17OC)=O)C(C(O)=O)N%16C(C%18=CSC=C%18OC)=O,acid_108
C8(OC)=CC=CC=C8[C@H]1[C@H](C9=CC=CC=C9OC)N(C(C2=C(Br)SC=C2)=O)C(C(O)=O)N1C(C1=C(Br)SC=C1)=O,acid_109
C6=CC(C=CC=C7)=C7C=C6[C@H]7[C@H](C8=CC(C=CC=C9)=C9C=C8)N(C(C8=CC=CC=C8)=O)C(C(O)=O)N7C(C9=CC=CC=C9)=O,acid_110
C8(C(F)(F)F)=CC=CC=C8[C@H]1[C@H](C9=C(C(F)(F)F)C=CC=C9)N(C(C2=C(F)C=CC=C2)=O)C(C(O)=O)N1C(C1=CC=CC=C1F)=O,acid_111
C8(C(F)(F)F)=CC=CC=C8[C@H]1[C@H](C9=C(C(F)(F)F)C=CC=C9)N(C(C2=C(C)OC(C3=CC=CC=C3)=C2)=O)C(C(O)=O)N1C(C1=C(C)OC(C2=CC=CC=C2)=C1)=O,acid_112
C6=CC(C=CC=C7)=C7C=C6[C@H]4[C@H](C8=CC(C=CC=C9)=C9C=C8)N(C(C5=CC=CS5)=O)C(C(O)=O)N4C(C6=CC=CS6)=O,acid_113
O=C(C1=CC=CC=C1)N2C(C(O)=O)N(C(C3=CC=CC=C3)=O)[C@@H](C4=CC5=C(C=CC=C5)C=C4)[C@@H]2C6=CC7=C(C=CC=C7)C=C6,acid_114
C6=CC(C=CC=C7)=C7C=C6[C@H]%86[C@H](C8=CC(C=CC=C9)=C9C=C8)N(C(C%87=CC=CC(C(C)C)=C%87)=O)C(C(O)=O)N%86C(C%88=CC(C(C)C)=CC=C%88)=O,acid_115
C8(OC)=CC=CC=C8[C@H]1[C@H](C9=CC=CC=C9OC)N(C(C2=C(C)C(C=CC=C3)=C3O2)=O)C(C(O)=O)N1C(C1=C(C)C2=C(C=CC=C2)O1)=O,acid_116
C7=CC=CC=C7[C@H]1[C@H](C8=CC=CC=C8)N(C(C2=C(Cl)SC(Cl)=C2)=O)C(C(O)=O)N1C(C1=C(Cl)SC(Cl)=C1)=O,acid_117
C8(C(F)(F)F)=CC=CC=C8[C@H]1[C@H](C9=C(C(F)(F)F)C=CC=C9)N(C(C2=CC=C(Br)S2)=O)C(C(O)=O)N1C(C1=CC=C(Br)S1)=O,acid_118
C6=CC=CC7=C6C=CC=C7[C@H]1[C@H](C8=CC=CC9=C8C=CC=C9)N(C(C2=C(C=CC=C3)C3=CC=C2)=O)C(C(O)=O)N1C(C1=CC=CC2=C1C=CC=C2)=O,acid_119
C6=CC(C=CC=C7)=C7C=C6[C@H]1[C@H](C8=CC(C=CC=C9)=C9C=C8)N(C(C2=C(C=CC=C3)C3=CC=C2)=O)C(C(O)=O)N1C(C1=CC=CC2=C1C=CC=C2)=O,acid_120
C6=CC=CC7=C6C=CC=C7[C@H]1[C@H](C8=CC=CC9=C8C=CC=C9)N(C(C2=C(Cl)SC(Cl)=C2)=O)C(C(O)=O)N1C(C1=C(Cl)SC(Cl)=C1)=O,acid_121
O=C(C1=CC=C([N+]([O-])=O)C=C1)N2C(C(O)=O)N(C(C3=CC=C([N+]([O-])=O)C=C3)=O)[C@@H](C4=CC=CC=C4)[C@@H]2C5=CC=CC=C5,acid_122
C6=CC=CC7=C6C=CC=C7[C@H]%77[C@H](C8=CC=CC9=C8C=CC=C9)N(C(C%78=CC=CC([N+]([O-])=O)=C%78)=O)C(C(O)=O)N%77C(C%79=CC([N+]([O-])=O)=CC=C%79)=O,acid_123
C7=CC=CC=C7[C@H]1[C@H](C8=CC=CC=C8)N(C(C2=CSC3=C2C=CC=C3)=O)C(C(O)=O)N1C(C1=CSC2=C1C=CC=C2)=O,acid_124
C8(OC)=CC=CC=C8[C@H]%21[C@H](C9=CC=CC=C9OC)N(C(C%22=CC=C(Cl)C=C%22)=O)C(C(O)=O)N%21C(C%23=CC=C(Cl)C=C%23)=O,acid_125
C7=CC=CC=C7[C@H]1[C@H](C8=CC=CC=C8)N(C(C2=C(Br)C=CO2)=O)C(C(O)=O)N1C(C1=C(Br)C=CO1)=O,acid_126
C6=CC(C=CC=C7)=C7C=C6[C@H]1[C@H](C8=CC(C=CC=C9)=C9C=C8)N(C(C2=CSC=C2Br)=O)C(C(O)=O)N1C(C1=CSC=C1Br)=O,acid_127
C8(OC)=CC=CC=C8[C@H]1[C@H](C9=CC=CC=C9OC)N(C(C2=CC(C(C)(C)C)=CC(C(C)(C)C)=C2)=O)C(C(O)=O)N1C(C1=CC(C(C)(C)C)=CC(C(C)(C)C)=C1)=O,acid_128
C6=CC=CC7=C6C=CC=C7[C@H]%68[C@H](C8=CC=CC9=C8C=CC=C9)N(C(C%69=CC=C(OC)C=C%69)=O)C(C(O)=O)N%68C(C%70=CC=C(OC)C=C%70)=O,acid_129
O=C(C1=CC=C(OC)C=C1)N2C(C(O)=O)N(C(C3=CC=C(OC)C=C3)=O)[C@@H](C4=CC=CC=C4)[C@@H]2C5=CC=CC=C5,acid_130
C8(C(F)(F)F)=CC=CC=C8[C@H]1[C@H](C9=C(C(F)(F)F)C=CC=C9)N(C(C2=C(C)OC=C2)=O)C(C(O)=O)N1C(C1=C(C)OC=C1)=O,acid_131
O=C(C1=CC=CC(C(F)(F)F)=C1)N2C(C(O)=O)N(C(C3=CC(C(F)(F)F)=CC=C3)=O)[C@@H](C4=CC=CC=C4)[C@@H]2C5=CC=CC=C5,acid_132
C7=CC=CC=C7[C@H]%56[C@H](C8=CC=CC=C8)N(C(C%57=CC=CC(Cl)=C%57)=O)C(C(O)=O)N%56C(C%58=CC(Cl)=CC=C%58)=O,acid_133
C7=CC=CC=C7[C@H]1[C@H](C8=CC=CC=C8)N(C(C2=CC=C(Cl)S2)=O)C(C(O)=O)N1C(C1=CC=C(Cl)S1)=O,acid_134
C8(OC)=CC=CC=C8[C@H]4[C@H](C9=CC=CC=C9OC)N(C(C5=CC=CS5)=O)C(C(O)=O)N4C(C6=CC=CS6)=O,acid_135
C6=CC=CC7=C6C=CC=C7[C@H]%27[C@H](C8=CC=CC9=C8C=CC=C9)N(C(C%28=CC=C(I)C=C%28)=O)C(C(O)=O)N%27C(C%29=CC=C(I)C=C%29)=O,acid_136
C6=CC(C=CC=C7)=C7C=C6[C@H]%65[C@H](C8=CC(C=CC=C9)=C9C=C8)N(C(C%66=CC=CC(C(F)(F)F)=C%66)=O)C(C(O)=O)N%65C(C%67=CC(C(F)(F)F)=CC=C%67)=O,acid_137
C8(OC)=CC=CC=C8[C@H]%39[C@H](C9=CC=CC=C9OC)N(C(C%40=CC=C(CC)C=C%40)=O)C(C(O)=O)N%39C(C%41=CC=C(CC)C=C%41)=O,acid_138
C8(C(F)(F)F)=CC=CC=C8[C@H]1[C@H](C9=C(C(F)(F)F)C=CC=C9)N(C(C2=C(C(C)C)C=CC=C2)=O)C(C(O)=O)N1C(C1=CC=CC=C1C(C)C)=O,acid_139
C7=CC=CC=C7[C@H]%83[C@H](C8=CC=CC=C8)N(C(C%84=CC=CC(CC)=C%84)=O)C(C(O)=O)N%83C(C%85=CC(CC)=CC=C%85)=O,acid_140
C7=CC=CC=C7[C@H]%68[C@H](C8=CC=CC=C8)N(C(C%69=CC=C(OC)C=C%69)=O)C(C(O)=O)N%68C(C%70=CC=C(OC)C=C%70)=O,acid_141
C8(OC)=CC=CC=C8[C@H]%68[C@H](C9=CC=CC=C9OC)N(C(C%69=CC=C(OC)C=C%69)=O)C(C(O)=O)N%68C(C%70=CC=C(OC)C=C%70)=O,acid_142
C7=CC=CC=C7[C@H]%80[C@H](C8=CC=CC=C8)N(C(C%81=CC=CC(C)=C%81)=O)C(C(O)=O)N%80C(C%82=CC(C)=CC=C%82)=O,acid_143
C7=CC=CC=C7[C@H]1[C@H](C8=CC=CC=C8)N(C(C2=C(C)C=CO2)=O)C(C(O)=O)N1C(C1=C(C)C=CO1)=O,acid_144
C6=CC(C=CC=C7)=C7C=C6[C@H]1[C@H](C8=CC(C=CC=C9)=C9C=C8)N(C(C2=C(C(F)(F)F)OC=C2)=O)C(C(O)=O)N1C(C1=C(C(F)(F)F)OC=C1)=O,acid_145
C8(C(F)(F)F)=CC=CC=C8[C@H]1[C@H](C9=C(C(F)(F)F)C=CC=C9)N(C(C2=CC=C(C)S2)=O)C(C(O)=O)N1C(C1=CC=C(C)S1)=O,acid_146
C6=CC=CC7=C6C=CC=C7[C@H]1[C@H](C8=CC=CC9=C8C=CC=C9)N(C(C2=C(C)OC=C2)=O)C(C(O)=O)N1C(C1=C(C)OC=C1)=O,acid_147
C6=CC=CC7=C6C=CC=C7[C@H]1[C@H](C8=CC=CC9=C8C=CC=C9)N(C(C2=C(Cl)C=CC=C2)=O)C(C(O)=O)N1C(C1=CC=CC=C1Cl)=O,acid_148
C8(C(F)(F)F)=CC=CC=C8[C@H]1[C@H](C9=C(C(F)(F)F)C=CC=C9)N(C(C2=C(C(F)(F)F)C=CC=C2)=O)C(C(O)=O)N1C(C1=CC=CC=C1C(F)(F)F)=O,acid_149
C7=CC=CC=C7[C@H]%33[C@H](C8=CC=CC=C8)N(C(C%34=CC=C([N+]([O-])=O)C=C%34)=O)C(C(O)=O)N%33C(C%35=CC=C([N+]([O-])=O)C=C%35)=O,acid_150
C7=CC=CC=C7[C@H]1[C@H](C8=CC=CC=C8)N(C(C2=C(C)OC(C)=C2)=O)C(C(O)=O)N1C(C1=C(C)OC(C)=C1)=O,acid_151
C6=CC(C=CC=C7)=C7C=C6[C@H]1[C@H](C8=CC(C=CC=C9)=C9C=C8)N(C(C2=C(Br)C=CO2)=O)C(C(O)=O)N1C(C1=C(Br)C=CO1)=O,acid_152
C8(C(F)(F)F)=CC=CC=C8[C@H]1[C@H](C9=C(C(F)(F)F)C=CC=C9)N(C(C2=C(I)C=CC=C2)=O)C(C(O)=O)N1C(C1=CC=CC=C1I)=O,acid_153
C8(C(F)(F)F)=CC=CC=C8[C@H]1[C@H](C9=C(C(F)(F)F)C=CC=C9)N(C(C2=C(C)C=CO2)=O)C(C(O)=O)N1C(C1=C(C)C=CO1)=O,acid_154
C8(OC)=CC=CC=C8[C@H]%59[C@H](C9=CC=CC=C9OC)N(C(C%60=CC=CC(Br)=C%60)=O)C(C(O)=O)N%59C(C%61=CC(Br)=CC=C%61)=O,acid_155
C6=CC=CC7=C6C=CC=C7[C@H]1[C@H](C8=CC=CC9=C8C=CC=C9)N(C(C2=C(C(C)C)C=CC=C2)=O)C(C(O)=O)N1C(C1=CC=CC=C1C(C)C)=O,acid_156
C8(C(F)(F)F)=CC=CC=C8[C@H]1[C@H](C9=C(C(F)(F)F)C=CC=C9)N(C(C2=CC(C=CC=C3)=C3S2)=O)C(C(O)=O)N1C(C1=CC2=C(C=CC=C2)S1)=O,acid_157
C6=CC=CC7=C6C=CC=C7[C@H]1[C@H](C8=CC=CC9=C8C=CC=C9)N(C(C2=C(C)C(C=CC=C3)=C3O2)=O)C(C(O)=O)N1C(C1=C(C)C2=C(C=CC=C2)O1)=O,acid_158
C8(C(F)(F)F)=CC=CC=C8C(N%19C(C(O)=O)N(C(C9=C(C(F)(F)F)C=CC=C9)=O)[C@@H]%20[C@@H]%19CCCC%20)=O,acid_159
C7=CC=CC=C7[C@H]1[C@H](C8=CC=CC=C8)N(C(C2=C(C(C)(C)C)C=CC=C2)=O)C(C(O)=O)N1C(C1=CC=CC=C1C(C)(C)C)=O,acid_160
C7=CC=CC=C7[C@H]%36[C@H](C8=CC=CC=C8)N(C(C%37=CC=C(C)C=C%37)=O)C(C(O)=O)N%36C(C%38=CC=C(C)C=C%38)=O,acid_161
C8(C(F)(F)F)=CC=CC=C8[C@H]1[C@H](C9=C(C(F)(F)F)C=CC=C9)N(C(C2=CC=C(F)C=C2)=O)C(C(O)=O)N1C(C3=CC=C(F)C=C3)=O,acid_162
C8(OC)=CC=CC=C8C(N%19C(C(O)=O)N(C(C9=CC=CC=C9OC)=O)[C@@H]%20[C@@H]%19CCCC%20)=O,acid_163
C6=CC=CC7=C6C=CC=C7[C@H]1[C@H](C8=CC=CC9=C8C=CC=C9)N(C(C2=COC(Br)=C2)=O)C(C(O)=O)N1C(C1=COC(Br)=C1)=O,acid_164
C7=CC=CC=C7[C@H]%39[C@H](C8=CC=CC=C8)N(C(C%40=CC=C(CC)C=C%40)=O)C(C(O)=O)N%39C(C%41=CC=C(CC)C=C%41)=O,acid_165
C6=CC=CC7=C6C=CC=C7[C@H]1[C@H](C8=CC=CC9=C8C=CC=C9)N(C(C2=CSC3=C2C=CC=C3)=O)C(C(O)=O)N1C(C1=CSC2=C1C=CC=C2)=O,acid_166
C6=CC=CC7=C6C=CC=C7[C@H]1[C@H](C8=CC=CC9=C8C=CC=C9)N(C(C2=C(Br)OC=C2)=O)C(C(O)=O)N1C(C1=C(Br)OC=C1)=O,acid_167
C6=CC(C=CC=C7)=C7C=C6[C@H]1[C@H](C8=CC(C=CC=C9)=C9C=C8)N(C(C2=C(F)C=CC=C2)=O)C(C(O)=O)N1C(C1=CC=CC=C1F)=O,acid_168
C6=CC=CC7=C6C=CC=C7[C@H]1[C@H](C8=CC=CC9=C8C=CC=C9)N(C(C2=C(C)C=CC=C2)=O)C(C(O)=O)N1C(C1=CC=CC=C1C)=O,acid_169
C7=CC=CC=C7[C@H]1[C@H](C8=CC=CC=C8)N(C(C2=CC(C)=CC(C)=C2)=O)C(C(O)=O)N1C(C1=CC(C)=CC(C)=C1)=O,acid_170
O=C(C1=CC=CC2=C1C=CC=C2)N3C(C(O)=O)N(C(C4=C(C=CC=C5)C5=CC=C4)=O)[C@@H](C6=CC=CC=C6)[C@@H]3C7=CC=CC=C7,acid_171
C8(OC)=CC=CC=C8[C@H]1[C@H](C9=CC=CC=C9OC)N(C(C2=C(C#N)C=CC=C2)=O)C(C(O)=O)N1C(C1=CC=CC=C1C#N)=O,acid_172
C6=CC=CC7=C6C=CC=C7[C@H]1[C@H](C8=CC=CC9=C8C=CC=C9)N(C(C2=C(C3=CC=CC=C3)OC(C)=C2)=O)C(C(O)=O)N1C(C1=C(C2=CC=CC=C2)OC(C)=C1)=O,acid_173
C6=CC=CC7=C6C=CC=C7[C@H]1[C@H](C8=CC=CC9=C8C=CC=C9)N(C(C2=CC=C(C3=CC=CC=C3)O2)=O)C(C(O)=O)N1C(C1=CC=C(C2=CC=CC=C2)O1)=O,acid_174
C6=CC(C=CC=C7)=C7C=C6[C@H]1[C@H](C8=CC(C=CC=C9)=C9C=C8)N(C(C2=CC(C=CC=C3)=C3S2)=O)C(C(O)=O)N1C(C1=CC2=C(C=CC=C2)S1)=O,acid_175
C8(OC)=CC=CC=C8[C@H]1[C@H](C9=CC=CC=C9OC)N(C(C2=C(C(F)(F)F)C=CC=C2)=O)C(C(O)=O)N1C(C1=CC=CC=C1C(F)(F)F)=O,acid_176
C6=CC=CC7=C6C=CC=C7[C@H]%33[C@H](C8=CC=CC9=C8C=CC=C9)N(C(C%34=CC=C([N+]([O-])=O)C=C%34)=O)C(C(O)=O)N%33C(C%35=CC=C([N+]([O-])=O)C=C%35)=O,acid_177
C8(OC)=CC=CC=C8[C@H]%92[C@H](C9=CC=CC=C9OC)N(C(C%93=CC=CC(C%94=CC=CC=C%94)=C%93)=O)C(C(O)=O)N%92C(C%95=CC(C%96=CC=CC=C%96)=CC=C%95)=O,acid_178
C6=CC=CC7=C6C=CC=C7[C@H]1[C@H](C8=CC=CC9=C8C=CC=C9)N(C(C2=C(C)OC(C)=C2)=O)C(C(O)=O)N1C(C1=C(C)OC(C)=C1)=O,acid_179
C8(C(F)(F)F)=CC=CC=C8[C@H]%77[C@H](C9=C(C(F)(F)F)C=CC=C9)N(C(C%78=CC=CC([N+]([O-])=O)=C%78)=O)C(C(O)=O)N%77C(C%79=CC([N+]([O-])=O)=CC=C%79)=O,acid_180
C6=CC=CC7=C6C=CC=C7[C@H]%30[C@H](C8=CC=CC9=C8C=CC=C9)N(C(C%31=CC=C(C(F)(F)F)C=C%31)=O)C(C(O)=O)N%30C(C%32=CC=C(C(F)(F)F)C=C%32)=O,acid_181
C8(OC)=CC=CC=C8[C@H]1[C@H](C9=CC=CC=C9OC)N(C(C2=CC=C(C#N)O2)=O)C(C(O)=O)N1C(C1=CC=C(C#N)O1)=O,acid_182
C7=CC=CC=C7[C@H]%89[C@H](C8=CC=CC=C8)N(C(C%90=CC=CC(C(C)(C)C)=C%90)=O)C(C(O)=O)N%89C(C%91=CC(C(C)(C)C)=CC=C%91)=O,acid_183
C6=CC(C=CC=C7)=C7C=C6[C@H]%62[C@H](C8=CC(C=CC=C9)=C9C=C8)N(C(C%63=CC=CC(I)=C%63)=O)C(C(O)=O)N%62C(C%64=CC(I)=CC=C%64)=O,acid_184
C8(C(F)(F)F)=CC=CC=C8[C@H]1[C@H](C9=C(C(F)(F)F)C=CC=C9)N(C(C2=CC(C)=CC(C)=C2)=O)C(C(O)=O)N1C(C1=CC(C)=CC(C)=C1)=O,acid_185
C6=CC(C=CC=C7)=C7C=C6[C@H]1[C@H](C8=CC(C=CC=C9)=C9C=C8)N(C(C2=CC=C(C=CC=C3)C3=C2)=O)C(C(O)=O)N1C(C1=CC(C=CC=C2)=C2C=C1)=O,acid_186
C6=CC=CC7=C6C=CC=C7[C@H]1[C@H](C8=CC=CC9=C8C=CC=C9)N(C(C2=CSC(C)=C2)=O)C(C(O)=O)N1C(C1=CSC(C)=C1)=O,acid_187
C7=CC=CC=C7[C@H]1[C@H](C8=CC=CC=C8)N(C(C2=CC=C(C)O2)=O)C(C(O)=O)N1C(C1=CC=C(C)O1)=O,acid_188
C7=CC=CC=C7[C@H]%16[C@H](C8=CC=CC=C8)N(C(C%17=CSC=C%17OC)=O)C(C(O)=O)N%16C(C%18=CSC=C%18OC)=O,acid_189
O=C(C1=CC=C(I)C=C1)N2C(C(O)=O)N(C(C3=CC=C(I)C=C3)=O)[C@@H](C4=CC=CC=C4)[C@@H]2C5=CC=CC=C5,acid_190
C8(OC)=CC=CC=C8[C@H]%71[C@H](C9=CC=CC=C9OC)N(C(C%72=CC=CC(C#N)=C%72)=O)C(C(O)=O)N%71C(C%73=CC(C#N)=CC=C%73)=O,acid_191
C7=CC=CC=C7[C@H]%59[C@H](C8=CC=CC=C8)N(C(C%60=CC=CC(Br)=C%60)=O)C(C(O)=O)N%59C(C%61=CC(Br)=CC=C%61)=O,acid_192
C8(OC)=CC=CC=C8[C@H]1[C@H](C9=CC=CC=C9OC)N(C(C2=COC=C2C)=O)C(C(O)=O)N1C(C1=COC=C1C)=O,acid_193
C8(C(F)(F)F)=CC=CC=C8[C@H]1[C@H](C9=C(C(F)(F)F)C=CC=C9)N(C(C2=C(C3=CC=CC=C3)C=CC=C2)=O)C(C(O)=O)N1C(C1=CC=CC=C1C1=CC=CC=C1)=O,acid_194
C8(OC)=CC=CC=C8[C@H]%48[C@H](C9=CC=CC=C9OC)N(C(C%49=CC=C(C%50=CC=CC=C%50)C=C%49)=O)C(C(O)=O)N%48C(C%51=CC=C(C%52=CC=CC=C%52)C=C%51)=O,acid_195
C7=CC=CC=C7[C@H]%42[C@H](C8=CC=CC=C8)N(C(C%43=CC=C(C(C)C)C=C%43)=O)C(C(O)=O)N%42C(C%44=CC=C(C(C)C)C=C%44)=O,acid_196
C6=CC=CC7=C6C=CC=C7[C@H]1[C@H](C8=CC=CC9=C8C=CC=C9)N(C(C2=C([N+]([O-])=O)C=CC=C2)=O)C(C(O)=O)N1C(C1=CC=CC=C1[N+]([O-])=O)=O,acid_197
C8(C(F)(F)F)=CC=CC=C8[C@H]1[C@H](C9=C(C(F)(F)F)C=CC=C9)N(C(C2=CSC=C2Br)=O)C(C(O)=O)N1C(C1=CSC=C1Br)=O,acid_198
C8(C(F)(F)F)=CC=CC=C8[C@H]1[C@H](C9=C(C(F)(F)F)C=CC=C9)N(C(CCCCC)=O)C(C(O)=O)N1C(CCCCC)=O,acid_199
C8(OC)=CC=CC=C8[C@H]%83[C@H](C9=CC=CC=C9OC)N(C(C%84=CC=CC(CC)=C%84)=O)C(C(O)=O)N%83C(C%85=CC(CC)=CC=C%85)=O,acid_200
C8(OC)=CC=CC=C8[C@H]%10[C@H](C9=CC=CC=C9OC)N(C(C%11=CSC=C%11)=O)C(C(O)=O)N%10C(C%12=CSC=C%12)=O,acid_201
C6=CC(C=CC=C7)=C7C=C6[C@H]1[C@H](C8=CC(C=CC=C9)=C9C=C8)N(C(C2=CC=C(C)S2)=O)C(C(O)=O)N1C(C1=CC=C(C)S1)=O,acid_202
C8(C(F)(F)F)=CC=CC=C8[C@H]1[C@H](C9=C(C(F)(F)F)C=CC=C9)N(C(C2=CC=C(Cl)O2)=O)C(C(O)=O)N1C(C1=CC=C(Cl)O1)=O,acid_203
C8(C(F)(F)F)=CC=CC=C8[C@H]1[C@H](C9=C(C(F)(F)F)C=CC=C9)N(C(C2=COC(C)=C2)=O)C(C(O)=O)N1C(C1=COC(C)=C1)=O,acid_204
C7=CC=CC=C7[C@H]1[C@H](C8=CC=CC=C8)N(C(C2=C(Br)C=CS2)=O)C(C(O)=O)N1C(C1=C(Br)C=CS1)=O,acid_205
C8(C(F)(F)F)=CC=CC=C8[C@H]1[C@H](C9=C(C(F)(F)F)C=CC=C9)N(C(C2=CC(C)=C(C)C=C2)=O)C(C(O)=O)N1C(C1=CC=C(C)C(C)=C1)=O,acid_206
C6=CC(C=CC=C7)=C7C=C6[C@H]%21[C@H](C8=CC(C=CC=C9)=C9C=C8)N(C(C%22=CC=C(Cl)C=C%22)=O)C(C(O)=O)N%21C(C%23=CC=C(Cl)C=C%23)=O,acid_207
C8(OC)=CC=CC=C8[C@H]%62[C@H](C9=CC=CC=C9OC)N(C(C%63=CC=CC(I)=C%63)=O)C(C(O)=O)N%62C(C%64=CC(I)=CC=C%64)=O,acid_208
O=C(C1=CC(C(F)(F)F)=CC(C(F)(F)F)=C1)N2C(C(O)=O)N(C(C3=CC(C(F)(F)F)=CC(C(F)(F)F)=C3)=O)[C@@H](C4=CC=CC=C4)[C@@H]2C5=CC=CC=C5,acid_209
C6=CC(C=CC=C7)=C7C=C6[C@H]%30[C@H](C8=CC(C=CC=C9)=C9C=C8)N(C(C%31=CC=C(C(F)(F)F)C=C%31)=O)C(C(O)=O)N%30C(C%32=CC=C(C(F)(F)F)C=C%32)=O,acid_210
C6=CC(C=CC=C7)=C7C=C6[C@H]1[C@H](C8=CC(C=CC=C9)=C9C=C8)N(C(C2=C(CC)C=CC=C2)=O)C(C(O)=O)N1C(C1=CC=CC=C1CC)=O,acid_211
C8(C(F)(F)F)=CC=CC=C8[C@H]%53[C@H](C9=C(C(F)(F)F)C=CC=C9)N(C(C%54=CC=CC(F)=C%54)=O)C(C(O)=O)N%53C(C%55=CC(F)=CC=C%55)=O,acid_212
C6=CC=CC7=C6C=CC=C7C(N%19C(C(O)=O)N(C(C8=CC=CC9=C8C=CC=C9)=O)[C@@H]%20[C@@H]%19CCCC%20)=O,acid_213
C7=CC=CC=C7[C@H]1[C@H](C8=CC=CC=C8)N(C(C2=C(C)OC=C2C)=O)C(C(O)=O)N1C(C1=C(C)OC=C1C)=O,acid_214
C8(OC)=CC=CC=C8[C@H]1[C@H](C9=CC=CC=C9OC)N(C(C2=C(CC)C=CC=C2)=O)C(C(O)=O)N1C(C1=CC=CC=C1CC)=O,acid_215
C8(C(F)(F)F)=CC=CC=C8[C@H]1[C@H](C9=C(C(F)(F)F)C=CC=C9)N(C(C2=COC=C2C)=O)C(C(O)=O)N1C(C1=COC=C1C)=O,acid_216
C6=CC(C=CC=C7)=C7C=C6[C@H]1[C@H](C8=CC(C=CC=C9)=C9C=C8)N(C(C2=C(C(F)(F)F)OC(C)=C2)=O)C(C(O)=O)N1C(C1=C(C(F)(F)F)OC(C)=C1)=O,acid_217
C7=CC=CC=C7[C@H]1[C@H](C8=CC=CC=C8)N(C(C2=C(C#N)C=CC=C2)=O)C(C(O)=O)N1C(C1=CC=CC=C1C#N)=O,acid_218
C6=CC(C=CC=C7)=C7C=C6[C@H]1[C@H](C8=CC(C=CC=C9)=C9C=C8)N(C(C2=CC=CO2)=O)C(C(O)=O)N1C(C1=CC=CO1)=O,acid_219
C6=CC=CC7=C6C=CC=C7[C@H]%71[C@H](C8=CC=CC9=C8C=CC=C9)N(C(C%72=CC=CC(C#N)=C%72)=O)C(C(O)=O)N%71C(C%73=CC(C#N)=CC=C%73)=O,acid_220
C8(C(F)(F)F)=CC=CC=C8[C@H]1[C@H](C9=C(C(F)(F)F)C=CC=C9)N(C(C2=C(C)C=CS2)=O)C(C(O)=O)N1C(C1=C(C)C=CS1)=O,acid_221
C8(C(F)(F)F)=CC=CC=C8[C@H]1[C@H](C9=C(C(F)(F)F)C=CC=C9)N(C(C2=CSC3=C2C=CC=C3)=O)C(C(O)=O)N1C(C1=CSC2=C1C=CC=C2)=O,acid_222
C7=CC=CC=C7[C@H]7[C@H](C8=CC=CC=C8)N(C(C8=CC=CC=C8)=O)C(C(O)=O)N7C(C9=CC=CC=C9)=O,acid_223
C7=CC=CC=C7[C@H]1[C@H](C8=CC=CC=C8)N(C(C2=CC(C)=C(C)O2)=O)C(C(O)=O)N1C(C1=CC(C)=C(C)O1)=O,acid_224
C6=CC(C=CC=C7)=C7C=C6[C@H]%39[C@H](C8=CC(C=CC=C9)=C9C=C8)N(C(C%40=CC=C(CC)C=C%40)=O)C(C(O)=O)N%39C(C%41=CC=C(CC)C=C%41)=O,acid_225
C8(C(F)(F)F)=CC=CC=C8[C@H]1[C@H](C9=C(C(F)(F)F)C=CC=C9)N(C(CC2=CC=CC=C2)=O)C(C(O)=O)N1C(CC1=CC=CC=C1)=O,acid_226
C6=CC(C=CC=C7)=C7C=C6[C@H]%24[C@H](C8=CC(C=CC=C9)=C9C=C8)N(C(C%25=CC=C(Br)C=C%25)=O)C(C(O)=O)N%24C(C%26=CC=C(Br)C=C%26)=O,acid_227
C7=CC=CC=C7[C@H]%97[C@H](C8=CC=CC=C8)N(C(C%98=CC=CC(OC)=C%98)=O)C(C(O)=O)N%97C(C%99=CC(OC)=CC=C%99)=O,acid_228
C6=CC(C=CC=C7)=C7C=C6[C@H]%13[C@H](C8=CC(C=CC=C9)=C9C=C8)N(C(C%14=C(F)C=CS%14)=O)C(C(O)=O)N%13C(C%15=C(F)C=CS%15)=O,acid_229
C8(OC)=CC=CC=C8[C@H]1[C@H](C9=CC=CC=C9OC)N(C(C2=CC(CCCC3)=C3S2)=O)C(C(O)=O)N1C(C1=CC2=C(CCCC2)S1)=O,acid_230
C8(OC)=CC=CC=C8[C@H]%56[C@H](C9=CC=CC=C9OC)N(C(C%57=CC=CC(Cl)=C%57)=O)C(C(O)=O)N%56C(C%58=CC(Cl)=CC=C%58)=O,acid_231
C7=CC=CC=C7[C@H]1[C@H](C8=CC=CC=C8)N(C(C2=CC=C(Br)S2)=O)C(C(O)=O)N1C(C1=CC=C(Br)S1)=O,acid_232
C7=CC=CC=C7[C@H]1[C@H](C8=CC=CC=C8)N(C(C2=CC=C(Cl)O2)=O)C(C(O)=O)N1C(C1=CC=C(Cl)O1)=O,acid_233
C7=CC=CC=C7[C@H]1[C@H](C8=CC=CC=C8)N(C(CCCCC)=O)C(C(O)=O)N1C(CCCCC)=O,acid_234
C6=CC=CC7=C6C=CC=C7[C@H]1[C@H](C8=CC=CC9=C8C=CC=C9)N(C(C2=CC(C)=CC(C)=C2)=O)C(C(O)=O)N1C(C1=CC(C)=CC(C)=C1)=O,acid_235
C6=CC=CC7=C6C=CC=C7[C@H]1[C@H](C8=CC=CC9=C8C=CC=C9)N(C(C2=CC(C(F)(F)F)=CC(C(F)(F)F)=C2)=O)C(C(O)=O)N1C(C1=CC(C(F)(F)F)=CC(C(F)(F)F)=C1)=O,acid_236
C7=CC=CC=C7[C@H]%21[C@H](C8=CC=CC=C8)N(C(C%22=CC=C(Cl)C=C%22)=O)C(C(O)=O)N%21C(C%23=CC=C(Cl)C=C%23)=O,acid_237
C6=CC=CC7=C6C=CC=C7[C@H]%53[C@H](C8=CC=CC9=C8C=CC=C9)N(C(C%54=CC=CC(F)=C%54)=O)C(C(O)=O)N%53C(C%55=CC(F)=CC=C%55)=O,acid_238
C6=CC(C=CC=C7)=C7C=C6[C@H]1[C@H](C8=CC(C=CC=C9)=C9C=C8)N(C(C2=CC=C(C)O2)=O)C(C(O)=O)N1C(C1=CC=C(C)O1)=O,acid_239
C6=CC(C=CC=C7)=C7C=C6[C@H]1[C@H](C8=CC(C=CC=C9)=C9C=C8)N(C(C2=C(C)OC(C3=CC=CC=C3)=C2)=O)C(C(O)=O)N1C(C1=C(C)OC(C2=CC=CC=C2)=C1)=O,acid_240
C8(OC)=CC=CC=C8[C@H]1[C@H](C9=CC=CC=C9OC)N(C(C2=C(C3=CC=CC=C3)OC(C)=C2)=O)C(C(O)=O)N1C(C1=C(C2=CC=CC=C2)OC(C)=C1)=O,acid_241
C6=CC(C=CC=C7)=C7C=C6[C@H]%89[C@H](C8=CC(C=CC=C9)=C9C=C8)N(C(C%90=CC=CC(C(C)(C)C)=C%90)=O)C(C(O)=O)N%89C(C%91=CC(C(C)(C)C)=CC=C%91)=O,acid_242
C8(OC)=CC=CC=C8[C@H]%86[C@H](C9=CC=CC=C9OC)N(C(C%87=CC=CC(C(C)C)=C%87)=O)C(C(O)=O)N%86C(C%88=CC(C(C)C)=CC=C%88)=O,acid_243
C8(OC)=CC=CC=C8[C@H]1[C@H](C9=CC=CC=C9OC)N(C(C2=C(Cl)SC(Cl)=C2)=O)C(C(O)=O)N1C(C1=C(Cl)SC(Cl)=C1)=O,acid_244
C6=CC(C=CC=C7)=C7C=C6[C@H]1[C@H](C8=CC(C=CC=C9)=C9C=C8)N(C(C2=CC(C)=CC(C)=C2)=O)C(C(O)=O)N1C(C1=CC(C)=CC(C)=C1)=O,acid_245
C8(OC)=CC=CC=C8[C@H]%89[C@H](C9=CC=CC=C9OC)N(C(C%90=CC=CC(C(C)(C)C)=C%90)=O)C(C(O)=O)N%89C(C%91=CC(C(C)(C)C)=CC=C%91)=O,acid_246
C6=CC=CC7=C6C=CC=C7[C@H]1[C@H](C8=CC=CC9=C8C=CC=C9)N(C(C2=CC(C)=C(C)C=C2)=O)C(C(O)=O)N1C(C1=CC=C(C)C(C)=C1)=O,acid_247
C7=CC=CC=C7[C@H]1[C@H](C8=CC=CC=C8)N(C(C2=COC(C)=C2)=O)C(C(O)=O)N1C(C1=COC(C)=C1)=O,acid_248
C6=CC=CC7=C6C=CC=C7[C@H]7[C@H](C8=CC=CC9=C8C=CC=C9)N(C(C8=CC=CC=C8)=O)C(C(O)=O)N7C(C9=CC=CC=C9)=O,acid_249
C6=CC(C=CC=C7)=C7C=C6[C@H]1[C@H](C8=CC(C=CC=C9)=C9C=C8)N(C(C2=C(C3=CC=CC=C3)OC(C)=C2)=O)C(C(O)=O)N1C(C1=C(C2=CC=CC=C2)OC(C)=C1)=O,acid_250
C7=CC=CC=C7[C@H]1[C@H](C8=CC=CC=C8)N(C(C2=CC(C)=C(C)C=C2)=O)C(C(O)=O)N1C(C1=CC=C(C)C(C)=C1)=O,acid_251
C6=CC=CC7=C6C=CC=C7[C@H]%39[C@H](C8=CC=CC9=C8C=CC=C9)N(C(C%40=CC=C(CC)C=C%40)=O)C(C(O)=O)N%39C(C%41=CC=C(CC)C=C%41)=O,acid_252
C6=CC(C=CC=C7)=C7C=C6[C@H]1[C@H](C8=CC(C=CC=C9)=C9C=C8)N(C(C2=CC(C)=C(C)C=C2)=O)C(C(O)=O)N1C(C1=CC=C(C)C(C)=C1)=O,acid_253
C6=CC(C=CC=C7)=C7C=C6[C@H]1[C@H](C8=CC(C=CC=C9)=C9C=C8)N(C(C2=C(C3=CC=CC=C3)C=CC=C2)=O)C(C(O)=O)N1C(C1=CC=CC=C1C1=CC=CC=C1)=O,acid_254
C8(OC)=CC=CC=C8[C@H]1[C@H](C9=CC=CC=C9OC)N(C(CC2=CC=CC=C2)=O)C(C(O)=O)N1C(CC1=CC=CC=C1)=O,acid_255
C6=CC=CC7=C6C=CC=C7[C@H]1[C@H](C8=CC=CC9=C8C=CC=C9)N(C(C2=C(C3=CC=CC=C3)C=CC=C2)=O)C(C(O)=O)N1C(C1=CC=CC=C1C1=CC=CC=C1)=O,acid_256
C8(OC)=CC=CC=C8[C@H]1[C@H](C9=CC=CC=C9OC)N(C(C2=C(C)C=CS2)=O)C(C(O)=O)N1C(C1=C(C)C=CS1)=O,acid_257
C7=CC=CC=C7[C@H]%71[C@H](C8=CC=CC=C8)N(C(C%72=CC=CC(C#N)=C%72)=O)C(C(O)=O)N%71C(C%73=CC(C#N)=CC=C%73)=O,acid_258
C8(OC)=CC=CC=C8[C@H]%30[C@H](C9=CC=CC=C9OC)N(C(C%31=CC=C(C(F)(F)F)C=C%31)=O)C(C(O)=O)N%30C(C%32=CC=C(C(F)(F)F)C=C%32)=O,acid_259
C7=CC=CC=C7C(N%19C(C(O)=O)N(C(C8=CC=CC=C8)=O)[C@@H]%20[C@@H]%19CCCC%20)=O,acid_260
C8(C(F)(F)F)=CC=CC=C8[C@H]1[C@H](C9=C(C(F)(F)F)C=CC=C9)N(C(C2=C(CC)C=CC=C2)=O)C(C(O)=O)N1C(C1=CC=CC=C1CC)=O,acid_261
C7=CC=CC=C7[C@H]1[C@H](C8=CC=CC=C8)N(C(C2=C(Cl)C=CC=C2)=O)C(C(O)=O)N1C(C1=CC=CC=C1Cl)=O,acid_262
C6=CC=CC7=C6C=CC=C7[C@H]1[C@H](C8=CC=CC9=C8C=CC=C9)N(C(C2=C(C(C)(C)C)C=CC=C2)=O)C(C(O)=O)N1C(C1=CC=CC=C1C(C)(C)C)=O,acid_263
C7=CC=CC=C7[C@H]1[C@H](C8=CC=CC=C8)N(C(C2=COC=C2C)=O)C(C(O)=O)N1C(C1=COC=C1C)=O,acid_264
C6=CC=CC7=C6C=CC=C7[C@H]%10[C@H](C8=CC=CC9=C8C=CC=C9)N(C(C%11=CSC=C%11)=O)C(C(O)=O)N%10C(C%12=CSC=C%12)=O,acid_265
C6=CC(C=CC=C7)=C7C=C6[C@H]1[C@H](C8=CC(C=CC=C9)=C9C=C8)N(C(C2=C(Br)OC=C2)=O)C(C(O)=O)N1C(C1=C(Br)OC=C1)=O,acid_266
C6=CC(C=CC=C7)=C7C=C6[C@H]%71[C@H](C8=CC(C=CC=C9)=C9C=C8)N(C(C%72=CC=CC(C#N)=C%72)=O)C(C(O)=O)N%71C(C%73=CC(C#N)=CC=C%73)=O,acid_267
C8(OC)=CC=CC=C8[C@H]1[C@H](C9=CC=CC=C9OC)N(C(C2=C(Br)C=CC=C2)=O)C(C(O)=O)N1C(C1=CC=CC=C1Br)=O,acid_268
C7=CC=CC=C7[C@H]%53[C@H](C8=CC=CC=C8)N(C(C%54=CC=CC(F)=C%54)=O)C(C(O)=O)N%53C(C%55=CC(F)=CC=C%55)=O,acid_269
C6=CC=CC7=C6C=CC=C7[C@H]1[C@H](C8=CC=CC9=C8C=CC=C9)N(C(C2=C(OC)C=CC=C2)=O)C(C(O)=O)N1C(C1=CC=CC=C1OC)=O,acid_270
O=C(CC1=CC=CC=C1)N2C(C(O)=O)N(C(CC3=CC=CC=C3)=O)[C@@H](C4=CC=CC=C4)[C@@H]2C5=CC=CC=C5,acid_271
C8(C(F)(F)F)=CC=CC=C8[C@H]1[C@H](C9=C(C(F)(F)F)C=CC=C9)N(C(C2=C(C=CC=C3)C3=CC=C2)=O)C(C(O)=O)N1C(C1=CC=CC2=C1C=CC=C2)=O,acid_272
C8(C(F)(F)F)=CC=CC=C8[C@H]1[C@H](C9=C(C(F)(F)F)C=CC=C9)N(C(C2=CC(Br)=CS2)=O)C(C(O)=O)N1C(C1=CC(Br)=CS1)=O,acid_273
C7=CC=CC=C7[C@H]1[C@H](C8=CC=CC=C8)N(C(C2=C(C)C(C=CC=C3)=C3O2)=O)C(C(O)=O)N1C(C1=C(C)C2=C(C=CC=C2)O1)=O,acid_274
C8(C(F)(F)F)=CC=CC=C8[C@H]%65[C@H](C9=C(C(F)(F)F)C=CC=C9)N(C(C%66=CC=CC(C(F)(F)F)=C%66)=O)C(C(O)=O)N%65C(C%67=CC(C(F)(F)F)=CC=C%67)=O,acid_275
O=C(C1=COC=C1)N2C(C(O)=O)N(C(C3=COC=C3)=O)[C@@H](C4=CC=CC=C4)[C@@H]2C5=CC=CC=C5,acid_276
C6=CC=CC7=C6C=CC=C7[C@H]1[C@H](C8=CC=CC9=C8C=CC=C9)N(C(C2=CC=C(C)S2)=O)C(C(O)=O)N1C(C1=CC=C(C)S1)=O,acid_277
C7=CC=CC=C7[C@H]1[C@H](C8=CC=CC=C8)N(C(C2=CC=CO2)=O)C(C(O)=O)N1C(C1=CC=CO1)=O,acid_278
C6=CC(C=CC=C7)=C7C=C6[C@H]1[C@H](C8=CC(C=CC=C9)=C9C=C8)N(C(C2=C(C#N)C=CC=C2)=O)C(C(O)=O)N1C(C1=CC=CC=C1C#N)=O,acid_279
C6=CC(C=CC=C7)=C7C=C6[C@H]%42[C@H](C8=CC(C=CC=C9)=C9C=C8)N(C(C%43=CC=C(C(C)C)C=C%43)=O)C(C(O)=O)N%42C(C%44=CC=C(C(C)C)C=C%44)=O,acid_280
C8(C(F)(F)F)=CC=CC=C8[C@H]%97[C@H](C9=C(C(F)(F)F)C=CC=C9)N(C(C%98=CC=CC(OC)=C%98)=O)C(C(O)=O)N%97C(C%99=CC(OC)=CC=C%99)=O,acid_281
C8(OC)=CC=CC=C8[C@H]1[C@H](C9=CC=CC=C9OC)N(C(C2=C(C)C=CC=C2)=O)C(C(O)=O)N1C(C1=CC=CC=C1C)=O,acid_282
C6=CC(C=CC=C7)=C7C=C6[C@H]1[C@H](C8=CC(C=CC=C9)=C9C=C8)N(C(C2=COC3=C2C=CC=C3)=O)C(C(O)=O)N1C(C1=COC2=C1C=CC=C2)=O,acid_283
C6=CC=CC7=C6C=CC=C7[C@H]%42[C@H](C8=CC=CC9=C8C=CC=C9)N(C(C%43=CC=C(C(C)C)C=C%43)=O)C(C(O)=O)N%42C(C%44=CC=C(C(C)C)C=C%44)=O,acid_284
C8(OC)=CC=CC=C8[C@H]1[C@H](C9=CC=CC=C9OC)N(C(C2=CSC3=C2C=CC=C3)=O)C(C(O)=O)N1C(C1=CSC2=C1C=CC=C2)=O,acid_285
O=C(C1=CC=CC([N+]([O-])=O)=C1)N2C(C(O)=O)N(C(C3=CC([N+]([O-])=O)=CC=C3)=O)[C@@H](C4=CC=CC=C4)[C@@H]2C5=CC=CC=C5,acid_286
C8(C(F)(F)F)=CC=CC=C8[C@H]1[C@H](C9=C(C(F)(F)F)C=CC=C9)N(C(C2=CC=C(C=CC=C3)C3=C2)=O)C(C(O)=O)N1C(C1=CC(C=CC=C2)=C2C=C1)=O,acid_287
O=C(C1=CC=CC(Br)=C1)N2C(C(O)=O)N(C(C3=CC(Br)=CC=C3)=O)[C@@H](C4=CC=CC=C4)[C@@H]2C5=CC=CC=C5,acid_288
C8(OC)=CC=CC=C8[C@H]%27[C@H](C9=CC=CC=C9OC)N(C(C%28=CC=C(I)C=C%28)=O)C(C(O)=O)N%27C(C%29=CC=C(I)C=C%29)=O,acid_289
C6=CC=CC7=C6C=CC=C7[C@H]1[C@H](C8=CC=CC9=C8C=CC=C9)N(C(C2=CC=C(C=CC=C3)C3=C2)=O)C(C(O)=O)N1C(C1=CC(C=CC=C2)=C2C=C1)=O,acid_290
C8(OC)=CC=CC=C8[C@H]1[C@H](C9=CC=CC=C9OC)N(C(C2=C(OC)C=CC=C2)=O)C(C(O)=O)N1C(C1=CC=CC=C1OC)=O,acid_291
C8(C(F)(F)F)=CC=CC=C8[C@H]%62[C@H](C9=C(C(F)(F)F)C=CC=C9)N(C(C%63=CC=CC(I)=C%63)=O)C(C(O)=O)N%62C(C%64=CC(I)=CC=C%64)=O,acid_292
C8(C(F)(F)F)=CC=CC=C8[C@H]%56[C@H](C9=C(C(F)(F)F)C=CC=C9)N(C(C%57=CC=CC(Cl)=C%57)=O)C(C(O)=O)N%56C(C%58=CC(Cl)=CC=C%58)=O,acid_293
C8(C(F)(F)F)=CC=CC=C8[C@H]1[C@H](C9=C(C(F)(F)F)C=CC=C9)N(C(C2=CSC(C)=C2)=O)C(C(O)=O)N1C(C1=CSC(C)=C1)=O,acid_294
C8(C(F)(F)F)=CC=CC=C8[C@H]%74[C@H](C9=C(C(F)(F)F)C=CC=C9)N(C(C%75=CC=C(C#N)C=C%75)=O)C(C(O)=O)N%74C(C%76=CC=C(C#N)C=C%76)=O,acid_295
C6=CC(C=CC=C7)=C7C=C6[C@H]1[C@H](C8=CC(C=CC=C9)=C9C=C8)N(C(C2=C(C(C)C)C=CC=C2)=O)C(C(O)=O)N1C(C1=CC=CC=C1C(C)C)=O,acid_296
C6=CC(C=CC=C7)=C7C=C6[C@H]1[C@H](C8=CC(C=CC=C9)=C9C=C8)N(C(C2=CC=C(Br)S2)=O)C(C(O)=O)N1C(C1=CC=C(Br)S1)=O,acid_297
C6=CC=CC7=C6C=CC=C7[C@H]1[C@H](C8=CC=CC9=C8C=CC=C9)N(C(C2=C(C)C=CS2)=O)C(C(O)=O)N1C(C1=C(C)C=CS1)=O,acid_298
O=C(C1=CC=CC=C1)N2C(C(O)=O)N(C(C3=CC=CC=C3)=O)[C@@H](C4=CC=CC=C4OC)[C@@H]2C5=C(OC)C=CC=C5,acid_299
C6=CC=CC7=C6C=CC=C7[C@H]1[C@H](C8=CC=CC9=C8C=CC=C9)N(C(C2=COC=C2)=O)C(C(O)=O)N1C(C1=COC=C1)=O,acid_300
C8(C(F)(F)F)=CC=CC=C8[C@H]1[C@H](C9=C(C(F)(F)F)C=CC=C9)N(C(C2=CC(C=CC=C3)=C3O2)=O)C(C(O)=O)N1C(C1=CC2=C(C=CC=C2)O1)=O,acid_301
C7=CC=CC=C7[C@H]1[C@H](C8=CC=CC=C8)N(C(C2=C(C(F)(F)F)OC(C)=C2)=O)C(C(O)=O)N1C(C1=C(C(F)(F)F)OC(C)=C1)=O,acid_302
C8(OC)=CC=CC=C8[C@H]1[C@H](C9=CC=CC=C9OC)N(C(C2=CC=C(F)C=C2)=O)C(C(O)=O)N1C(C3=CC=C(F)C=C3)=O,acid_303
C8(C(F)(F)F)=CC=CC=C8[C@H]%24[C@H](C9=C(C(F)(F)F)C=CC=C9)N(C(C%25=CC=C(Br)C=C%25)=O)C(C(O)=O)N%24C(C%26=CC=C(Br)C=C%26)=O,acid_304
C6=CC(C=CC=C7)=C7C=C6[C@H]1[C@H](C8=CC(C=CC=C9)=C9C=C8)N(C(C2=CC(CCCC3)=C3S2)=O)C(C(O)=O)N1C(C1=CC2=C(CCCC2)S1)=O,acid_305
C8(C(F)(F)F)=CC=CC=C8[C@H]1[C@H](C9=C(C(F)(F)F)C=CC=C9)N(C(C2=C(OC)C=CC=C2)=O)C(C(O)=O)N1C(C1=CC=CC=C1OC)=O,acid_306
O=C(C1=CC=C(C)C=C1)N2C(C(O)=O)N(C(C3=CC=C(C)C=C3)=O)[C@@H](C4=CC=CC=C4)[C@@H]2C5=CC=CC=C5,acid_307
C8(OC)=CC=CC=C8[C@H]1[C@H](C9=CC=CC=C9OC)N(C(C2=CC=C(C)O2)=O)C(C(O)=O)N1C(C1=CC=C(C)O1)=O,acid_308
C6=CC=CC7=C6C=CC=C7[C@H]1[C@H](C8=CC=CC9=C8C=CC=C9)N(C(C2=CC(CCCC3)=C3S2)=O)C(C(O)=O)N1C(C1=CC2=C(CCCC2)S1)=O,acid_309
C6=CC=CC7=C6C=CC=C7[C@H]%89[C@H](C8=CC=CC9=C8C=CC=C9)N(C(C%90=CC=CC(C(C)(C)C)=C%90)=O)C(C(O)=O)N%89C(C%91=CC(C(C)(C)C)=CC=C%91)=O,acid_310
C7=CC=CC=C7[C@H]1[C@H](C8=CC=CC=C8)N(C(CC2=CC=CC=C2)=O)C(C(O)=O)N1C(CC1=CC=CC=C1)=O,acid_311
C7=CC=CC=C7[C@H]1[C@H](C8=CC=CC=C8)N(C(C2=C(Br)C=CC=C2)=O)C(C(O)=O)N1C(C1=CC=CC=C1Br)=O,acid_312
C8(C(F)(F)F)=CC=CC=C8[C@H]1[C@H](C9=C(C(F)(F)F)C=CC=C9)N(C(C2=COC(Br)=C2)=O)C(C(O)=O)N1C(C1=COC(Br)=C1)=O,acid_313
C7=CC=CC=C7[C@H]1[C@H](C8=CC=CC=C8)N(C(C2=COC=C2)=O)C(C(O)=O)N1C(C1=COC=C1)=O,acid_314
C6=CC=CC7=C6C=CC=C7[C@H]%16[C@H](C8=CC=CC9=C8C=CC=C9)N(C(C%17=CSC=C%17OC)=O)C(C(O)=O)N%16C(C%18=CSC=C%18OC)=O,acid_315
C8(C(F)(F)F)=CC=CC=C8[C@H]1[C@H](C9=C(C(F)(F)F)C=CC=C9)N(C(C2=C(C)OC(C)=C2)=O)C(C(O)=O)N1C(C1=C(C)OC(C)=C1)=O,acid_316
C8(OC)=CC=CC=C8[C@H]1[C@H](C9=CC=CC=C9OC)N(C(C2=CC(C)=CS2)=O)C(C(O)=O)N1C(C1=CC(C)=CS1)=O,acid_317
C8(C(F)(F)F)=CC=CC=C8[C@H]1[C@H](C9=C(C(F)(F)F)C=CC=C9)N(C(C2=CC=C(C3=CC=CC=C3)O2)=O)C(C(O)=O)N1C(C1=CC=C(C2=CC=CC=C2)O1)=O,acid_318
C6=CC=CC7=C6C=CC=C7[C@H]1[C@H](C8=CC=CC9=C8C=CC=C9)N(C(C2=C(C)OC(C3=CC=CC=C3)=C2)=O)C(C(O)=O)N1C(C1=C(C)OC(C2=CC=CC=C2)=C1)=O,acid_319
C6=CC(C=CC=C7)=C7C=C6[C@H]1[C@H](C8=CC(C=CC=C9)=C9C=C8)N(C(C2=CC(C(C)(C)C)=CC(C(C)(C)C)=C2)=O)C(C(O)=O)N1C(C1=CC(C(C)(C)C)=CC(C(C)(C)C)=C1)=O,acid_320
C7=CC=CC=C7[C@H]1[C@H](C8=CC=CC=C8)N(C(C2=C(C3=CC=CC=C3)C=CC=C2)=O)C(C(O)=O)N1C(C1=CC=CC=C1C1=CC=CC=C1)=O,acid_321
C6=CC=CC7=C6C=CC=C7[C@H]%74[C@H](C8=CC=CC9=C8C=CC=C9)N(C(C%75=CC=C(C#N)C=C%75)=O)C(C(O)=O)N%74C(C%76=CC=C(C#N)C=C%76)=O,acid_322
C7=CC=CC=C7[C@H]1[C@H](C8=CC=CC=C8)N(C(C2=C(F)C=CC=C2)=O)C(C(O)=O)N1C(C1=CC=CC=C1F)=O,acid_323
C6=CC=CC7=C6C=CC=C7[C@H]1[C@H](C8=CC=CC9=C8C=CC=C9)N(C(C2=CC(Br)=CS2)=O)C(C(O)=O)N1C(C1=CC(Br)=CS1)=O,acid_324
C6=CC(C=CC=C7)=C7C=C6[C@H]%68[C@H](C8=CC(C=CC=C9)=C9C=C8)N(C(C%69=CC=C(OC)C=C%69)=O)C(C(O)=O)N%68C(C%70=CC=C(OC)C=C%70)=O,acid_325
C6=CC=CC7=C6C=CC=C7[C@H]1[C@H](C8=CC=CC9=C8C=CC=C9)N(C(C2=CC=C([N+]([O-])=O)O2)=O)C(C(O)=O)N1C(C1=CC=C([N+]([O-])=O)O1)=O,acid_326
C6=CC=CC7=C6C=CC=C7[C@H]%65[C@H](C8=CC=CC9=C8C=CC=C9)N(C(C%66=CC=CC(C(F)(F)F)=C%66)=O)C(C(O)=O)N%65C(C%67=CC(C(F)(F)F)=CC=C%67)=O,acid_327
C7=CC=CC=C7[C@H]1[C@H](C8=CC=CC=C8)N(C(C2=CC(Br)=CS2)=O)C(C(O)=O)N1C(C1=CC(Br)=CS1)=O,acid_328
C8(C(F)(F)F)=CC=CC=C8[C@H]1[C@H](C9=C(C(F)(F)F)C=CC=C9)N(C(C2=C(Br)C=CS2)=O)C(C(O)=O)N1C(C1=C(Br)C=CS1)=O,acid_329
C6=CC(C=CC=C7)=C7C=C6C(N%19C(C(O)=O)N(C(C8=CC(C=CC=C9)=C9C=C8)=O)[C@@H]%20[C@@H]%19CCCC%20)=O,acid_330
C7=CC=CC=C7[C@H]1[C@H](C8=CC=CC=C8)N(C(C2=COC3=C2C=CC=C3)=O)C(C(O)=O)N1C(C1=COC2=C1C=CC=C2)=O,acid_331
C8(OC)=CC=CC=C8[C@H]1[C@H](C9=CC=CC=C9OC)N(C(C2=CSC=C2Br)=O)C(C(O)=O)N1C(C1=CSC=C1Br)=O,acid_332
C8(OC)=CC=CC=C8[C@H]1[C@H](C9=CC=CC=C9OC)N(C(C2=C(C(F)(F)F)OC(C)=C2)=O)C(C(O)=O)N1C(C1=C(C(F)(F)F)OC(C)=C1)=O,acid_333
C7=CC=CC=C7[C@H]4[C@H](C8=CC=CC=C8)N(C(C5=CC=CS5)=O)C(C(O)=O)N4C(C6=CC=CS6)=O,acid_334
C8(OC)=CC=CC=C8[C@H]%65[C@H](C9=CC=CC=C9OC)N(C(C%66=CC=CC(C(F)(F)F)=C%66)=O)C(C(O)=O)N%65C(C%67=CC(C(F)(F)F)=CC=C%67)=O,acid_335
C6=CC(C=CC=C7)=C7C=C6[C@H]%92[C@H](C8=CC(C=CC=C9)=C9C=C8)N(C(C%93=CC=CC(C%94=CC=CC=C%94)=C%93)=O)C(C(O)=O)N%92C(C%95=CC(C%96=CC=CC=C%96)=CC=C%95)=O,acid_336
C7=CC=CC=C7[C@H]1[C@H](C8=CC=CC=C8)N(C(C2=C(Br)OC=C2)=O)C(C(O)=O)N1C(C1=C(Br)OC=C1)=O,acid_337
C6=CC(C=CC=C7)=C7C=C6[C@H]1[C@H](C8=CC(C=CC=C9)=C9C=C8)N(C(C2=C(Br)C=CS2)=O)C(C(O)=O)N1C(C1=C(Br)C=CS1)=O,acid_338
C6=CC=CC7=C6C=CC=C7[C@H]1[C@H](C8=CC=CC9=C8C=CC=C9)N(C(C2=C(Br)C=CS2)=O)C(C(O)=O)N1C(C1=C(Br)C=CS1)=O,acid_339
C8(OC)=CC=CC=C8[C@H]%45[C@H](C9=CC=CC=C9OC)N(C(C%46=CC=C(C(C)(C)C)C=C%46)=O)C(C(O)=O)N%45C(C%47=CC=C(C(C)(C)C)C=C%47)=O,acid_340
C6=CC=CC7=C6C=CC=C7[C@H]1[C@H](C8=CC=CC9=C8C=CC=C9)N(C(C2=CC(C(C)(C)C)=CC(C(C)(C)C)=C2)=O)C(C(O)=O)N1C(C1=CC(C(C)(C)C)=CC(C(C)(C)C)=C1)=O,acid_341
C7=CC=CC=C7[C@H]1[C@H](C8=CC=CC=C8)N(C(C2=C(C(F)(F)F)C=CC=C2)=O)C(C(O)=O)N1C(C1=CC=CC=C1C(F)(F)F)=O,acid_342
C8(OC)=CC=CC=C8[C@H]1[C@H](C9=CC=CC=C9OC)N(C(C2=CC=C(Cl)S2)=O)C(C(O)=O)N1C(C1=CC=C(Cl)S1)=O,acid_343
C8(OC)=CC=CC=C8[C@H]1[C@H](C9=CC=CC=C9OC)N(C(C2=CC(Br)=CS2)=O)C(C(O)=O)N1C(C1=CC(Br)=CS1)=O,acid_344
C8(OC)=CC=CC=C8[C@H]1[C@H](C9=CC=CC=C9OC)N(C(C2=COC(C)=C2)=O)C(C(O)=O)N1C(C1=COC(C)=C1)=O,acid_345
C6=CC(C=CC=C7)=C7C=C6[C@H]%36[C@H](C8=CC(C=CC=C9)=C9C=C8)N(C(C%37=CC=C(C)C=C%37)=O)C(C(O)=O)N%36C(C%38=CC=C(C)C=C%38)=O,acid_346
C7=CC=CC=C7[C@H]1[C@H](C8=CC=CC=C8)N(C(C2=C(C3=CC=CC=C3)OC(C)=C2)=O)C(C(O)=O)N1C(C1=C(C2=CC=CC=C2)OC(C)=C1)=O,acid_347
C7=CC=CC=C7[C@H]1[C@H](C8=CC=CC=C8)N(C(C2=CC=C(C#N)O2)=O)C(C(O)=O)N1C(C1=CC=C(C#N)O1)=O,acid_348
C6=CC=CC7=C6C=CC=C7[C@H]1[C@H](C8=CC=CC9=C8C=CC=C9)N(C(C2=C(Br)SC=C2)=O)C(C(O)=O)N1C(C1=C(Br)SC=C1)=O,acid_349
C7=CC=CC=C7[C@H]%48[C@H](C8=CC=CC=C8)N(C(C%49=CC=C(C%50=CC=CC=C%50)C=C%49)=O)C(C(O)=O)N%48C(C%51=CC=C(C%52=CC=CC=C%52)C=C%51)=O,acid_350
C8(C(F)(F)F)=CC=CC=C8[C@H]1[C@H](C9=C(C(F)(F)F)C=CC=C9)N(C(C2=CC=CO2)=O)C(C(O)=O)N1C(C1=CC=CO1)=O,acid_351
C8(C(F)(F)F)=CC=CC=C8[C@H]%86[C@H](C9=C(C(F)(F)F)C=CC=C9)N(C(C%87=CC=CC(C(C)C)=C%87)=O)C(C(O)=O)N%86C(C%88=CC(C(C)C)=CC=C%88)=O,acid_352
C8(OC)=CC=CC=C8[C@H]1[C@H](C9=CC=CC=C9OC)N(C(C2=CC(C)=CC(C)=C2)=O)C(C(O)=O)N1C(C1=CC(C)=CC(C)=C1)=O,acid_353
C6=CC=CC7=C6C=CC=C7[C@H]1[C@H](C8=CC=CC9=C8C=CC=C9)N(C(C2=CC(C=CC=C3)=C3O2)=O)C(C(O)=O)N1C(C1=CC2=C(C=CC=C2)O1)=O,acid_354
C8(OC)=CC=CC=C8[C@H]1[C@H](C9=CC=CC=C9OC)N(C(C2=CC=C([N+]([O-])=O)O2)=O)C(C(O)=O)N1C(C1=CC=C([N+]([O-])=O)O1)=O,acid_355
O=C(C1=CSC=C1)N2C(C(O)=O)N(C(C3=CSC=C3)=O)[C@@H](C4=CC=CC=C4)[C@@H]2C5=CC=CC=C5,acid_356
C8(OC)=CC=CC=C8[C@H]%24[C@H](C9=CC=CC=C9OC)N(C(C%25=CC=C(Br)C=C%25)=O)C(C(O)=O)N%24C(C%26=CC=C(Br)C=C%26)=O,acid_357
C6=CC=CC7=C6C=CC=C7[C@H]1[C@H](C8=CC=CC9=C8C=CC=C9)N(C(C2=C(C)OC=C2C)=O)C(C(O)=O)N1C(C1=C(C)OC=C1C)=O,acid_358
C6=CC(C=CC=C7)=C7C=C6[C@H]%83[C@H](C8=CC(C=CC=C9)=C9C=C8)N(C(C%84=CC=CC(CC)=C%84)=O)C(C(O)=O)N%83C(C%85=CC(CC)=CC=C%85)=O,acid_359
C6=CC(C=CC=C7)=C7C=C6[C@H]1[C@H](C8=CC(C=CC=C9)=C9C=C8)N(C(C2=C(Cl)C=CC=C2)=O)C(C(O)=O)N1C(C1=CC=CC=C1Cl)=O,acid_360
C7=CC=CC=C7[C@H]%13[C@H](C8=CC=CC=C8)N(C(C%14=C(F)C=CS%14)=O)C(C(O)=O)N%13C(C%15=C(F)C=CS%15)=O,acid_361
C8(C(F)(F)F)=CC=CC=C8[C@H]%68[C@H](C9=C(C(F)(F)F)C=CC=C9)N(C(C%69=CC=C(OC)C=C%69)=O)C(C(O)=O)N%68C(C%70=CC=C(OC)C=C%70)=O,acid_362
C8(C(F)(F)F)=CC=CC=C8[C@H]1[C@H](C9=C(C(F)(F)F)C=CC=C9)N(C(C2=C(C(F)(F)F)OC(C)=C2)=O)C(C(O)=O)N1C(C1=C(C(F)(F)F)OC(C)=C1)=O,acid_363
C6=CC(C=CC=C7)=C7C=C6[C@H]1[C@H](C8=CC(C=CC=C9)=C9C=C8)N(C(C2=CC(C)=C(C)O2)=O)C(C(O)=O)N1C(C1=CC(C)=C(C)O1)=O,acid_364
C8(C(F)(F)F)=CC=CC=C8[C@H]1[C@H](C9=C(C(F)(F)F)C=CC=C9)N(C(C2=CC=C(C)O2)=O)C(C(O)=O)N1C(C1=CC=C(C)O1)=O,acid_365
C8(C(F)(F)F)=CC=CC=C8[C@H]%39[C@H](C9=C(C(F)(F)F)C=CC=C9)N(C(C%40=CC=C(CC)C=C%40)=O)C(C(O)=O)N%39C(C%41=CC=C(CC)C=C%41)=O,acid_366
C7=CC=CC=C7[C@H]%74[C@H](C8=CC=CC=C8)N(C(C%75=CC=C(C#N)C=C%75)=O)C(C(O)=O)N%74C(C%76=CC=C(C#N)C=C%76)=O,acid_367
C7=CC=CC=C7[C@H]1[C@H](C8=CC=CC=C8)N(C(C2=C(OC)C=CC=C2)=O)C(C(O)=O)N1C(C1=CC=CC=C1OC)=O,acid_368
C7=CC=CC=C7[C@H]1[C@H](C8=CC=CC=C8)N(C(C2=C(C)C=CC=C2)=O)C(C(O)=O)N1C(C1=CC=CC=C1C)=O,acid_369
C6=CC=CC7=C6C=CC=C7[C@H]1[C@H](C8=CC=CC9=C8C=CC=C9)N(C(C2=C(I)C=CC=C2)=O)C(C(O)=O)N1C(C1=CC=CC=C1I)=O,acid_370
C6=CC=CC7=C6C=CC=C7[C@H]%86[C@H](C8=CC=CC9=C8C=CC=C9)N(C(C%87=CC=CC(C(C)C)=C%87)=O)C(C(O)=O)N%86C(C%88=CC(C(C)C)=CC=C%88)=O,acid_371
C8(OC)=CC=CC=C8[C@H]1[C@H](C9=CC=CC=C9OC)N(C(C2=C(C)C=CO2)=O)C(C(O)=O)N1C(C1=C(C)C=CO1)=O,acid_372
C8(C(F)(F)F)=CC=CC=C8[C@H]%30[C@H](C9=C(C(F)(F)F)C=CC=C9)N(C(C%31=CC=C(C(F)(F)F)C=C%31)=O)C(C(O)=O)N%30C(C%32=CC=C(C(F)(F)F)C=C%32)=O,acid_373
C7=CC=CC=C7[C@H]1[C@H](C8=CC=CC=C8)N(C(C2=CC(C=CC=C3)=C3S2)=O)C(C(O)=O)N1C(C1=CC2=C(C=CC=C2)S1)=O,acid_374
C6=CC=CC7=C6C=CC=C7[C@H]1[C@H](C8=CC=CC9=C8C=CC=C9)N(C(C2=CC(C=CC=C3)=C3S2)=O)C(C(O)=O)N1C(C1=CC2=C(C=CC=C2)S1)=O,acid_375
C8(C(F)(F)F)=CC=CC=C8[C@H]1[C@H](C9=C(C(F)(F)F)C=CC=C9)N(C(C2=CC(C(F)(F)F)=CC(C(F)(F)F)=C2)=O)C(C(O)=O)N1C(C1=CC(C(F)(F)F)=CC(C(F)(F)F)=C1)=O,acid_376
C6=CC(C=CC=C7)=C7C=C6[C@H]%45[C@H](C8=CC(C=CC=C9)=C9C=C8)N(C(C%46=CC=C(C(C)(C)C)C=C%46)=O)C(C(O)=O)N%45C(C%47=CC=C(C(C)(C)C)C=C%47)=O,acid_377
C6=CC=CC7=C6C=CC=C7[C@H]%59[C@H](C8=CC=CC9=C8C=CC=C9)N(C(C%60=CC=CC(Br)=C%60)=O)C(C(O)=O)N%59C(C%61=CC(Br)=CC=C%61)=O,acid_378
C6=CC=CC7=C6C=CC=C7[C@H]%48[C@H](C8=CC=CC9=C8C=CC=C9)N(C(C%49=CC=C(C%50=CC=CC=C%50)C=C%49)=O)C(C(O)=O)N%48C(C%51=CC=C(C%52=CC=CC=C%52)C=C%51)=O,acid_379
C7=CC=CC=C7[C@H]1[C@H](C8=CC=CC=C8)N(C(C2=CC(C=CC=C3)=C3O2)=O)C(C(O)=O)N1C(C1=CC2=C(C=CC=C2)O1)=O,acid_380
C8(OC)=CC=CC=C8[C@H]1[C@H](C9=CC=CC=C9OC)N(C(C2=C([N+]([O-])=O)C=CC=C2)=O)C(C(O)=O)N1C(C1=CC=CC=C1[N+]([O-])=O)=O,acid_381
C6=CC=CC7=C6C=CC=C7[C@H]1[C@H](C8=CC=CC9=C8C=CC=C9)N(C(C2=C(C(F)(F)F)OC=C2)=O)C(C(O)=O)N1C(C1=C(C(F)(F)F)OC=C1)=O,acid_382
C7=CC=CC=C7[C@H]%24[C@H](C8=CC=CC=C8)N(C(C%25=CC=C(Br)C=C%25)=O)C(C(O)=O)N%24C(C%26=CC=C(Br)C=C%26)=O,acid_383
C8(OC)=CC=CC=C8[C@H]1[C@H](C9=CC=CC=C9OC)N(C(C2=CC=C(Cl)O2)=O)C(C(O)=O)N1C(C1=CC=C(Cl)O1)=O,acid_384
C8(C(F)(F)F)=CC=CC=C8[C@H]1[C@H](C9=C(C(F)(F)F)C=CC=C9)N(C(C2=CC(C)=CS2)=O)C(C(O)=O)N1C(C1=CC(C)=CS1)=O,acid_385
C8(C(F)(F)F)=CC=CC=C8[C@H]1[C@H](C9=C(C(F)(F)F)C=CC=C9)N(C(C2=CC=C(Cl)S2)=O)C(C(O)=O)N1C(C1=CC=C(Cl)S1)=O,acid_386
C8(C(F)(F)F)=CC=CC=C8[C@H]%80[C@H](C9=C(C(F)(F)F)C=CC=C9)N(C(C%81=CC=CC(C)=C%81)=O)C(C(O)=O)N%80C(C%82=CC(C)=CC=C%82)=O,acid_387
C8(OC)=CC=CC=C8[C@H]1[C@H](C9=CC=CC=C9OC)N(C(C2=COC=C2)=O)C(C(O)=O)N1C(C1=COC=C1)=O,acid_388
C6=CC=CC7=C6C=CC=C7[C@H]1[C@H](C8=CC=CC9=C8C=CC=C9)N(C(C2=C(Br)C=CO2)=O)C(C(O)=O)N1C(C1=C(Br)C=CO1)=O,acid_389
O=C(C1=CC=CC=C1)N2C(C(O)=O)N(C(C3=CC=CC=C3)=O)[C@@H](C4=CC=CC=C4)[C@@H]2C5=CC=CC=C5,acid_390
C6=CC=CC7=C6C=CC=C7[C@H]%97[C@H](C8=CC=CC9=C8C=CC=C9)N(C(C%98=CC=CC(OC)=C%98)=O)C(C(O)=O)N%97C(C%99=CC(OC)=CC=C%99)=O,acid_391
O=C(C1=CC=CC=C1)N2C(C(O)=O)N(C(C3=CC=CC=C3)=O)[C@@H](C4=CC=CC5=C4C=CC=C5)[C@@H]2C6=C(C=CC=C7)C7=CC=C6,acid_392
C6=CC(C=CC=C7)=C7C=C6[C@H]1[C@H](C8=CC(C=CC=C9)=C9C=C8)N(C(C2=C(C(F)(F)F)C=CC=C2)=O)C(C(O)=O)N1C(C1=CC=CC=C1C(F)(F)F)=O,acid_393
C8(C(F)(F)F)=CC=CC=C8[C@H]1[C@H](C9=C(C(F)(F)F)C=CC=C9)N(C(C2=CC(C(C)(C)C)=CC(C(C)(C)C)=C2)=O)C(C(O)=O)N1C(C1=CC(C(C)(C)C)=CC(C(C)(C)C)=C1)=O,acid_394
C6=CC(C=CC=C7)=C7C=C6[C@H]1[C@H](C8=CC(C=CC=C9)=C9C=C8)N(C(C2=C(C)C=CC=C2)=O)C(C(O)=O)N1C(C1=CC=CC=C1C)=O,acid_395
C6=CC=CC7=C6C=CC=C7[C@H]1[C@H](C8=CC=CC9=C8C=CC=C9)N(C(C2=CSC=C2Br)=O)C(C(O)=O)N1C(C1=CSC=C1Br)=O,acid_396
C8(OC)=CC=CC=C8[C@H]1[C@H](C9=CC=CC=C9OC)N(C(C2=C(C)OC=C2C)=O)C(C(O)=O)N1C(C1=C(C)OC=C1C)=O,acid_397
C8(C(F)(F)F)=CC=CC=C8[C@H]%71[C@H](C9=C(C(F)(F)F)C=CC=C9)N(C(C%72=CC=CC(C#N)=C%72)=O)C(C(O)=O)N%71C(C%73=CC(C#N)=CC=C%73)=O,acid_398
C6=CC(C=CC=C7)=C7C=C6[C@H]%27[C@H](C8=CC(C=CC=C9)=C9C=C8)N(C(C%28=CC=C(I)C=C%28)=O)C(C(O)=O)N%27C(C%29=CC=C(I)C=C%29)=O,acid_399
C7=CC=CC=C7[C@H]1[C@H](C8=CC=CC=C8)N(C(C2=CC(C(C)(C)C)=CC(C(C)(C)C)=C2)=O)C(C(O)=O)N1C(C1=CC(C(C)(C)C)=CC(C(C)(C)C)=C1)=O,acid_400
C7=CC=CC=C7[C@H]1[C@H](C8=CC=CC=C8)N(C(C2=C(C(F)(F)F)OC=C2)=O)C(C(O)=O)N1C(C1=C(C(F)(F)F)OC=C1)=O,acid_401
C7=CC=CC=C7[C@H]%27[C@H](C8=CC=CC=C8)N(C(C%28=CC=C(I)C=C%28)=O)C(C(O)=O)N%27C(C%29=CC=C(I)C=C%29)=O,acid_402
C7=CC=CC=C7[C@H]1[C@H](C8=CC=CC=C8)N(C(C2=CC(CCCC3)=C3S2)=O)C(C(O)=O)N1C(C1=CC2=C(CCCC2)S1)=O,acid_403
C8(OC)=CC=CC=C8[C@H]1[C@H](C9=CC=CC=C9OC)N(C(C2=C(C(C)C)C=CC=C2)=O)C(C(O)=O)N1C(C1=CC=CC=C1C(C)C)=O,acid_404
C8(OC)=CC=CC=C8[C@H]1[C@H](C9=CC=CC=C9OC)N(C(C2=CC=C(C)S2)=O)C(C(O)=O)N1C(C1=CC=C(C)S1)=O,acid_405
C8(C(F)(F)F)=CC=CC=C8[C@H]%92[C@H](C9=C(C(F)(F)F)C=CC=C9)N(C(C%93=CC=CC(C%94=CC=CC=C%94)=C%93)=O)C(C(O)=O)N%92C(C%95=CC(C%96=CC=CC=C%96)=CC=C%95)=O,acid_406
C7=CC=CC=C7[C@H]1[C@H](C8=CC=CC=C8)N(C(C2=CC=C(F)C=C2)=O)C(C(O)=O)N1C(C3=CC=C(F)C=C3)=O,acid_407
C7=CC=CC=C7[C@H]1[C@H](C8=CC=CC=C8)N(C(C2=CC(C)=CS2)=O)C(C(O)=O)N1C(C1=CC(C)=CS1)=O,acid_408
C7=CC=CC=C7[C@H]%62[C@H](C8=CC=CC=C8)N(C(C%63=CC=CC(I)=C%63)=O)C(C(O)=O)N%62C(C%64=CC(I)=CC=C%64)=O,acid_409
C8(OC)=CC=CC=C8[C@H]1[C@H](C9=CC=CC=C9OC)N(C(C2=C(C3=CC=CC=C3)C=CC=C2)=O)C(C(O)=O)N1C(C1=CC=CC=C1C1=CC=CC=C1)=O,acid_410
C6=CC(C=CC=C7)=C7C=C6[C@H]%74[C@H](C8=CC(C=CC=C9)=C9C=C8)N(C(C%75=CC=C(C#N)C=C%75)=O)C(C(O)=O)N%74C(C%76=CC=C(C#N)C=C%76)=O,acid_411
C8(OC)=CC=CC=C8[C@H]%80[C@H](C9=CC=CC=C9OC)N(C(C%81=CC=CC(C)=C%81)=O)C(C(O)=O)N%80C(C%82=CC(C)=CC=C%82)=O,acid_412
C7=CC=CC=C7[C@H]1[C@H](C8=CC=CC=C8)N(C(C2=C(C)OC(C3=CC=CC=C3)=C2)=O)C(C(O)=O)N1C(C1=C(C)OC(C2=CC=CC=C2)=C1)=O,acid_413
C6=CC=CC7=C6C=CC=C7[C@H]4[C@H](C8=CC=CC9=C8C=CC=C9)N(C(C5=CC=CS5)=O)C(C(O)=O)N4C(C6=CC=CS6)=O,acid_414
C8(OC)=CC=CC=C8[C@H]1[C@H](C9=CC=CC=C9OC)N(C(C2=CC(C)=C(C)O2)=O)C(C(O)=O)N1C(C1=CC(C)=C(C)O1)=O,acid_415
C6=CC=CC7=C6C=CC=C7[C@H]1[C@H](C8=CC=CC9=C8C=CC=C9)N(C(C2=COC(C)=C2)=O)C(C(O)=O)N1C(C1=COC(C)=C1)=O,acid_416
C7=CC=CC=C7[C@H]1[C@H](C8=CC=CC=C8)N(C(C2=CC(C(F)(F)F)=CC(C(F)(F)F)=C2)=O)C(C(O)=O)N1C(C1=CC(C(F)(F)F)=CC(C(F)(F)F)=C1)=O,acid_417
C6=CC(C=CC=C7)=C7C=C6[C@H]1[C@H](C8=CC(C=CC=C9)=C9C=C8)N(C(C2=C(C)OC=C2C)=O)C(C(O)=O)N1C(C1=C(C)OC=C1C)=O,acid_418
C8(OC)=CC=CC=C8[C@H]1[C@H](C9=CC=CC=C9OC)N(C(C2=C(Br)OC=C2)=O)C(C(O)=O)N1C(C1=C(Br)OC=C1)=O,acid_419
C6=CC=CC7=C6C=CC=C7[C@H]%56[C@H](C8=CC=CC9=C8C=CC=C9)N(C(C%57=CC=CC(Cl)=C%57)=O)C(C(O)=O)N%56C(C%58=CC(Cl)=CC=C%58)=O,acid_420
C6=CC(C=CC=C7)=C7C=C6[C@H]1[C@H](C8=CC(C=CC=C9)=C9C=C8)N(C(C2=CC(C=CC=C3)=C3O2)=O)C(C(O)=O)N1C(C1=CC2=C(C=CC=C2)O1)=O,acid_421
C8(OC)=CC=CC=C8[C@H]%53[C@H](C9=CC=CC=C9OC)N(C(C%54=CC=CC(F)=C%54)=O)C(C(O)=O)N%53C(C%55=CC(F)=CC=C%55)=O,acid_422
C7=CC=CC=C7[C@H]%92[C@H](C8=CC=CC=C8)N(C(C%93=CC=CC(C%94=CC=CC=C%94)=C%93)=O)C(C(O)=O)N%92C(C%95=CC(C%96=CC=CC=C%96)=CC=C%95)=O,acid_423
C6=CC=CC7=C6C=CC=C7[C@H]1[C@H](C8=CC=CC9=C8C=CC=C9)N(C(CCCCC)=O)C(C(O)=O)N1C(CCCCC)=O,acid_424
O=C(C1=CC=CC(C)=C1)N2C(C(O)=O)N(C(C3=CC(C)=CC=C3)=O)[C@@H](C4=CC=CC=C4)[C@@H]2C5=CC=CC=C5,acid_425
O=C(C1=CC=C(Cl)C=C1)N2C(C(O)=O)N(C(C3=CC=C(Cl)C=C3)=O)[C@@H](C4=CC=CC=C4)[C@@H]2C5=CC=CC=C5,acid_426
C7=CC=CC=C7[C@H]1[C@H](C8=CC=CC=C8)N(C(C2=C(CC)C=CC=C2)=O)C(C(O)=O)N1C(C1=CC=CC=C1CC)=O,acid_427
C6=CC=CC7=C6C=CC=C7[C@H]%92[C@H](C8=CC=CC9=C8C=CC=C9)N(C(C%93=CC=CC(C%94=CC=CC=C%94)=C%93)=O)C(C(O)=O)N%92C(C%95=CC(C%96=CC=CC=C%96)=CC=C%95)=O,acid_428
C8(C(F)(F)F)=CC=CC=C8[C@H]%83[C@H](C9=C(C(F)(F)F)C=CC=C9)N(C(C%84=CC=CC(CC)=C%84)=O)C(C(O)=O)N%83C(C%85=CC(CC)=CC=C%85)=O,acid_429
C8(OC)=CC=CC=C8[C@H]1[C@H](C9=CC=CC=C9OC)N(C(C2=C(C(F)(F)F)OC=C2)=O)C(C(O)=O)N1C(C1=C(C(F)(F)F)OC=C1)=O,acid_430
C7=CC=CC=C7[C@H]1[C@H](C8=CC=CC=C8)N(C(C2=C(C)C=CS2)=O)C(C(O)=O)N1C(C1=C(C)C=CS1)=O,acid_431
C8(OC)=CC=CC=C8[C@H]%36[C@H](C9=CC=CC=C9OC)N(C(C%37=CC=C(C)C=C%37)=O)C(C(O)=O)N%36C(C%38=CC=C(C)C=C%38)=O,acid_432
C8(C(F)(F)F)=CC=CC=C8[C@H]%33[C@H](C9=C(C(F)(F)F)C=CC=C9)N(C(C%34=CC=C([N+]([O-])=O)C=C%34)=O)C(C(O)=O)N%33C(C%35=CC=C([N+]([O-])=O)C=C%35)=O,acid_433
C8(OC)=CC=CC=C8[C@H]1[C@H](C9=CC=CC=C9OC)N(C(C2=CC(C)=C(C)C=C2)=O)C(C(O)=O)N1C(C1=CC=C(C)C(C)=C1)=O,acid_434
C6=CC(C=CC=C7)=C7C=C6[C@H]1[C@H](C8=CC(C=CC=C9)=C9C=C8)N(C(C2=CC=C(F)C=C2)=O)C(C(O)=O)N1C(C3=CC=C(F)C=C3)=O,acid_435
C6=CC(C=CC=C7)=C7C=C6[C@H]1[C@H](C8=CC(C=CC=C9)=C9C=C8)N(C(C2=C(C)C=CO2)=O)C(C(O)=O)N1C(C1=C(C)C=CO1)=O,acid_436
C8(C(F)(F)F)=CC=CC=C8[C@H]1[C@H](C9=C(C(F)(F)F)C=CC=C9)N(C(C2=CC=C([N+]([O-])=O)O2)=O)C(C(O)=O)N1C(C1=CC=C([N+]([O-])=O)O1)=O,acid_437
C8(C(F)(F)F)=CC=CC=C8[C@H]%36[C@H](C9=C(C(F)(F)F)C=CC=C9)N(C(C%37=CC=C(C)C=C%37)=O)C(C(O)=O)N%36C(C%38=CC=C(C)C=C%38)=O,acid_438
C6=CC(C=CC=C7)=C7C=C6[C@H]1[C@H](C8=CC(C=CC=C9)=C9C=C8)N(C(C2=C(Cl)SC(Cl)=C2)=O)C(C(O)=O)N1C(C1=C(Cl)SC(Cl)=C1)=O,acid_439
C6=CC(C=CC=C7)=C7C=C6[C@H]1[C@H](C8=CC(C=CC=C9)=C9C=C8)N(C(C2=C(C(C)(C)C)C=CC=C2)=O)C(C(O)=O)N1C(C1=CC=CC=C1C(C)(C)C)=O,acid_440
C6=CC(C=CC=C7)=C7C=C6[C@H]1[C@H](C8=CC(C=CC=C9)=C9C=C8)N(C(C2=C(C)OC=C2)=O)C(C(O)=O)N1C(C1=C(C)OC=C1)=O,acid_441
O=C(C1=CC(C(C)(C)C)=CC(C(C)(C)C)=C1)N2C(C(O)=O)N(C(C3=CC(C(C)(C)C)=CC(C(C)(C)C)=C3)=O)[C@@H](C4=CC=CC=C4)[C@@H]2C5=CC=CC=C5,acid_442
C8(OC)=CC=CC=C8[C@H]1[C@H](C9=CC=CC=C9OC)N(C(C2=CC(C=CC=C3)=C3S2)=O)C(C(O)=O)N1C(C1=CC2=C(C=CC=C2)S1)=O,acid_443
C8(OC)=CC=CC=C8[C@H]1[C@H](C9=CC=CC=C9OC)N(C(C2=CC(C(F)(F)F)=CC(C(F)(F)F)=C2)=O)C(C(O)=O)N1C(C1=CC(C(F)(F)F)=CC(C(F)(F)F)=C1)=O,acid_444
C7=CC=CC=C7[C@H]1[C@H](C8=CC=CC=C8)N(C(C2=CSC=C2Br)=O)C(C(O)=O)N1C(C1=CSC=C1Br)=O,acid_445
C6=CC(C=CC=C7)=C7C=C6[C@H]%80[C@H](C8=CC(C=CC=C9)=C9C=C8)N(C(C%81=CC=CC(C)=C%81)=O)C(C(O)=O)N%80C(C%82=CC(C)=CC=C%82)=O,acid_446
C8(C(F)(F)F)=CC=CC=C8[C@H]%10[C@H](C9=C(C(F)(F)F)C=CC=C9)N(C(C%11=CSC=C%11)=O)C(C(O)=O)N%10C(C%12=CSC=C%12)=O,acid_447
C8(OC)=CC=CC=C8[C@H]1[C@H](C9=CC=CC=C9OC)N(C(C2=C(C(C)(C)C)C=CC=C2)=O)C(C(O)=O)N1C(C1=CC=CC=C1C(C)(C)C)=O,acid_448
C7=CC=CC=C7[C@H]1[C@H](C8=CC=CC=C8)N(C(C2=CC=C([N+]([O-])=O)O2)=O)C(C(O)=O)N1C(C1=CC=C([N+]([O-])=O)O1)=O,acid_449
C8(OC)=CC=CC=C8[C@H]%97[C@H](C9=CC=CC=C9OC)N(C(C%98=CC=CC(OC)=C%98)=O)C(C(O)=O)N%97C(C%99=CC(OC)=CC=C%99)=O,acid_450
C8(C(F)(F)F)=CC=CC=C8[C@H]%27[C@H](C9=C(C(F)(F)F)C=CC=C9)N(C(C%28=CC=C(I)C=C%28)=O)C(C(O)=O)N%27C(C%29=CC=C(I)C=C%29)=O,acid_451
C8(C(F)(F)F)=CC=CC=C8[C@H]1[C@H](C9=C(C(F)(F)F)C=CC=C9)N(C(C2=C(Cl)SC(Cl)=C2)=O)C(C(O)=O)N1C(C1=C(Cl)SC(Cl)=C1)=O,acid_452
C8(C(F)(F)F)=CC=CC=C8[C@H]1[C@H](C9=C(C(F)(F)F)C=CC=C9)N(C(C2=CC(C)=C(C)O2)=O)C(C(O)=O)N1C(C1=CC(C)=C(C)O1)=O,acid_453
C8(OC)=CC=CC=C8[C@H]1[C@H](C9=CC=CC=C9OC)N(C(C2=C(Br)C=CS2)=O)C(C(O)=O)N1C(C1=C(Br)C=CS1)=O,acid_454
O=C(C1=CC=CC(C)=C1)N2C(C(O)=O)N(C(C3=CC(C)=CC=C3)=O)[C@@H](C4=CC5=C(C=CC=C5)C=C4)[C@@H]2C6=CC7=C(C=CC=C7)C=C6,acid_455
C6=CC(C=CC=C7)=C7C=C6[C@H]1[C@H](C8=CC(C=CC=C9)=C9C=C8)N(C(C2=COC=C2)=O)C(C(O)=O)N1C(C1=COC=C1)=O,acid_456
C8(C(F)(F)F)=CC=CC=C8[C@H]1[C@H](C9=C(C(F)(F)F)C=CC=C9)N(C(C2=C(C)OC=C2C)=O)C(C(O)=O)N1C(C1=C(C)OC=C1C)=O,acid_457
C8(OC)=CC=CC=C8[C@H]1[C@H](C9=CC=CC=C9OC)N(C(CCCCC)=O)C(C(O)=O)N1C(CCCCC)=O,acid_458
C8(OC)=CC=CC=C8[C@H]1[C@H](C9=CC=CC=C9OC)N(C(C2=C(Br)C=CO2)=O)C(C(O)=O)N1C(C1=C(Br)C=CO1)=O,acid_459
C8(C(F)(F)F)=CC=CC=C8[C@H]%45[C@H](C9=C(C(F)(F)F)C=CC=C9)N(C(C%46=CC=C(C(C)(C)C)C=C%46)=O)C(C(O)=O)N%45C(C%47=CC=C(C(C)(C)C)C=C%47)=O,acid_460
C7=CC=CC=C7[C@H]1[C@H](C8=CC=CC=C8)N(C(C2=COC(Br)=C2)=O)C(C(O)=O)N1C(C1=COC(Br)=C1)=O,acid_461
C6=CC(C=CC=C7)=C7C=C6[C@H]%56[C@H](C8=CC(C=CC=C9)=C9C=C8)N(C(C%57=CC=CC(Cl)=C%57)=O)C(C(O)=O)N%56C(C%58=CC(Cl)=CC=C%58)=O,acid_462
C6=CC(C=CC=C7)=C7C=C6[C@H]1[C@H](C8=CC(C=CC=C9)=C9C=C8)N(C(C2=CC=C(Cl)S2)=O)C(C(O)=O)N1C(C1=CC=C(Cl)S1)=O,acid_463
O=C(C1=CC=C(F)C=C1)N2C(C(O)=O)N(C(C3=CC=C(F)C=C3)=O)[C@@H](C4=CC=CC=C4)[C@@H]2C5=CC=CC=C5,acid_464
C6=CC(C=CC=C7)=C7C=C6[C@H]1[C@H](C8=CC(C=CC=C9)=C9C=C8)N(C(CCCCC)=O)C(C(O)=O)N1C(CCCCC)=O,acid_465
O=C(C1=CC=CC=C1C)N2C(C(O)=O)N(C(C3=C(C)C=CC=C3)=O)[C@@H](C4=CC=CC=C4)[C@@H]2C5=CC=CC=C5,acid_466
C6=CC(C=CC=C7)=C7C=C6[C@H]%10[C@H](C8=CC(C=CC=C9)=C9C=C8)N(C(C%11=CSC=C%11)=O)C(C(O)=O)N%10C(C%12=CSC=C%12)=O,acid_467
C6=CC(C=CC=C7)=C7C=C6[C@H]%48[C@H](C8=CC(C=CC=C9)=C9C=C8)N(C(C%49=CC=C(C%50=CC=CC=C%50)C=C%49)=O)C(C(O)=O)N%48C(C%51=CC=C(C%52=CC=CC=C%52)C=C%51)=O,acid_468
C6=CC=CC7=C6C=CC=C7[C@H]1[C@H](C8=CC=CC9=C8C=CC=C9)N(C(C2=C(C(F)(F)F)OC(C)=C2)=O)C(C(O)=O)N1C(C1=C(C(F)(F)F)OC(C)=C1)=O,acid_469
C8(C(F)(F)F)=CC=CC=C8[C@H]1[C@H](C9=C(C(F)(F)F)C=CC=C9)N(C(C2=COC3=C2C=CC=C3)=O)C(C(O)=O)N1C(C1=COC2=C1C=CC=C2)=O,acid_470
C8(OC)=CC=CC=C8[C@H]%74[C@H](C9=CC=CC=C9OC)N(C(C%75=CC=C(C#N)C=C%75)=O)C(C(O)=O)N%74C(C%76=CC=C(C#N)C=C%76)=O,acid_471
C8(OC)=CC=CC=C8[C@H]1[C@H](C9=CC=CC=C9OC)N(C(C2=CC=C(C=CC=C3)C3=C2)=O)C(C(O)=O)N1C(C1=CC(C=CC=C2)=C2C=C1)=O,acid_472
C6=CC=CC7=C6C=CC=C7[C@H]1[C@H](C8=CC=CC9=C8C=CC=C9)N(C(C2=CC=C(Br)S2)=O)C(C(O)=O)N1C(C1=CC=C(Br)S1)=O,acid_473
C7=CC=CC=C7[C@H]1[C@H](C8=CC=CC=C8)N(C(C2=CC=C(C)S2)=O)C(C(O)=O)N1C(C1=CC=C(C)S1)=O,acid_474
C8(OC)=CC=CC=C8[C@H]1[C@H](C9=CC=CC=C9OC)N(C(C2=CC(C=CC=C3)=C3O2)=O)C(C(O)=O)N1C(C1=CC2=C(C=CC=C2)O1)=O,acid_475
C7=CC=CC=C7[C@H]%77[C@H](C8=CC=CC=C8)N(C(C%78=CC=CC([N+]([O-])=O)=C%78)=O)C(C(O)=O)N%77C(C%79=CC([N+]([O-])=O)=CC=C%79)=O,acid_476
C8(C(F)(F)F)=CC=CC=C8[C@H]1[C@H](C9=C(C(F)(F)F)C=CC=C9)N(C(C2=CC=C(C#N)O2)=O)C(C(O)=O)N1C(C1=CC=C(C#N)O1)=O,acid_477
C8(C(F)(F)F)=CC=CC=C8[C@H]%42[C@H](C9=C(C(F)(F)F)C=CC=C9)N(C(C%43=CC=C(C(C)C)C=C%43)=O)C(C(O)=O)N%42C(C%44=CC=C(C(C)C)C=C%44)=O,acid_478
C6=CC(C=CC=C7)=C7C=C6[C@H]1[C@H](C8=CC(C=CC=C9)=C9C=C8)N(C(C2=C([N+]([O-])=O)C=CC=C2)=O)C(C(O)=O)N1C(C1=CC=CC=C1[N+]([O-])=O)=O,acid_479
C6=CC(C=CC=C7)=C7C=C6[C@H]1[C@H](C8=CC(C=CC=C9)=C9C=C8)N(C(C2=CC=C(C#N)O2)=O)C(C(O)=O)N1C(C1=CC=C(C#N)O1)=O,acid_480
C6=CC=CC7=C6C=CC=C7[C@H]1[C@H](C8=CC=CC9=C8C=CC=C9)N(C(C2=CC=C(Cl)S2)=O)C(C(O)=O)N1C(C1=CC=C(Cl)S1)=O,acid_481
C6=CC=CC7=C6C=CC=C7[C@H]1[C@H](C8=CC=CC9=C8C=CC=C9)N(C(CC2=CC=CC=C2)=O)C(C(O)=O)N1C(CC1=CC=CC=C1)=O,acid_482
C7=CC=CC=C7[C@H]1[C@H](C8=CC=CC=C8)N(C(C2=C([N+]([O-])=O)C=CC=C2)=O)C(C(O)=O)N1C(C1=CC=CC=C1[N+]([O-])=O)=O,acid_483
O=C(C1=CC=CC=C1)N2C(C(O)=O)N(C(C3=CC=CC=C3)=O)[C@@H]4[C@@H]2CCCC4,acid_484
C6=CC=CC7=C6C=CC=C7[C@H]1[C@H](C8=CC=CC9=C8C=CC=C9)N(C(C2=CC(C)=C(C)O2)=O)C(C(O)=O)N1C(C1=CC(C)=C(C)O1)=O,acid_485
C12=C(C=CN2C3=NC=CC=C3)C=CC=C1,sub_0
FC1=CC=CC2=C1C=CN2C3=NC=C(C)C=C3,sub_1
C12=C(C=CN2C3=NC=CC4=C3C=CC=C4)C=CC=C1,sub_2
O=C(OC)C1=CC2=C(C=C1)C=CN2C3=NC=C(C)C=C3,sub_3
CC1=CC2=C(N(C=C2)C3=NC=C(C)C=C3)C=C1,sub_4
ClC1=CC(N2C3=NC=C(C)C=C3)=C(C=C2)C=C1,sub_5
CC(C=C1)=CN=C1N2C=CC3=C2C=CC=C3,sub_6
FC1=CC2=C(N(C=C2)C3=NC=C(C)C=C3)C=C1,sub_7
IC1=CC2=C(N(C=C2)C3=NC=C(C)C=C3)C=C1,sub_8
CC1=CC(N2C=CC3=C2C=CC=C3)=NC=C1,sub_9
BrC1=CC2=C(N(C=C2)C3=NC=C(C)C=C3)C=C1,sub_10
COC1=CC2=C(N(C=C2)C3=NC=C(C)C=C3)C=C1,sub_11
C=CCC1=CC=CC=C1,alk_0
C=CCC1=CC=C(F)C=C1,alk_1
COC1=CC=C(CC=C)C=C1,alk_2
C=CCCC1=CC=CC=C1,alk_3
C=CCC1=C(C=CC=C1)Br,alk_4
C=CCC1=CC=C(OC)C(OC(C)=O)=C1,alk_5
O=S(OC1=CC=C(CC=C)C=C1)(C(F)(F)F)=O,alk_6
COC1=CC=C(CC=C)C=C1O,alk_7
C=CCC1=CC=C(Cl)C=C1,alk_8
C=CCC1=CC=C(C(OCC)=O)C=C1,alk_9
C=CCCCCCC,alk_10
COC1=CC=C(CC=C)C=C1OC,alk_11
CC1=CC=C(CC=C)C=C1,alk_12
C=CCC1=CC=C(C2=CC=CC=C2)C=C1,alk_13
